,United States,Aaron Blaise,Robert Walker,1,Animation,Adventure,Comedy,Family,Fantasy,0,10103,7.3,English,Inuktitut,Croatian,Serbian,0,1,,85,Bears,0,2001
18+,United States,,1,Drama,0,104,7.8,English,1,1,95%,60,Amy,0,2015
18+,United States,Jay Karas,1,Comedy,Family,Fantasy,0,11539,3.4,English,0,1,,100,The Swap,0,1979
7+,United States,Byron Howard,Chris Williams,1,Animation,Adventure,Comedy,Drama,Family,0,123,6.8,English,1,0,89%,96,Bolt,0,2008
all,United States,Ron Clements,John Musker,1,Animation,Adventure,Comedy,Family,Fantasy,Musical,Romance,0,126,7.1,English,French,1,0,85%,97,The Princess and the Frog,0,2009
13+,Australia,Julia Leigh,1,Drama,Romance,Thriller,0,12718,2.7,English,0,1,,101,Sleeping Beauty,0,2014
7+,Canada,United States,Gavin O'Connor,1,Biography,Drama,History,Sport,0,151,7.5,English,1,0,81%,135,Miracle,0,2004
7+,United States,George Lucas,1,Action,Adventure,Fantasy,Sci-Fi,0,16213,8.6,English,0,0,92%,121,Star Wars: A New Hope,0,1977
7+,United States,Irvin Kershner,1,Action,Adventure,Fantasy,Sci-Fi,0,16214,8.7,English,0,0,94%,124,Star Wars: The Empire Strikes Back,0,1980
all,United States,United Kingdom,Jon Favreau,1,Animation,Adventure,Drama,Family,Musical,0,16215,8.5,English,Xhosa,Zulu,French,Spanish,0,0,93%,118,The Lion King,0,1994
all,United States,John Lasseter,1,Animation,Adventure,Comedy,Family,Fantasy,0,16216,8.3,English,0,0,100%,81,Toy Story,0,1995
13+,United States,Anthony Russo,Joe Russo,1,Action,Adventure,Drama,Sci-Fi,0,16217,8.4,English,Japanese,Xhosa,German,0,0,93%,181,Avengers: Endgame,0,2019
all,United States,Andrew Stanton,1,Animation,Adventure,Family,Sci-Fi,0,16218,8.4,English,0,0,95%,98,WALL·E,0,2008
7+,United States,Pete Docter,Bob Peterson,1,Animation,Adventure,Comedy,Family,0,16219,8.2,English,0,0,98%,96,Up,0,2009
13+,United States,James Gunn,1,Action,Adventure,Comedy,Sci-Fi,0,16220,8,English,0,0,91%,121,Guardians of the Galaxy,0,2014
all,United States,Australia,Andrew Stanton,Lee Unkrich,1,Animation,Adventure,Comedy,Family,0,16221,8.1,English,0,0,99%,100,Finding Nemo,0,2003
7+,United States,Lee Unkrich,Adrian Molina,1,Animation,Adventure,Family,Fantasy,Music,Mystery,0,16222,8.4,English,Spanish,0,0,97%,105,Coco,0,2017
all,United States,Lee Unkrich,1,Animation,Adventure,Comedy,Family,Fantasy,0,16223,8.3,English,Spanish,0,0,98%,103,Toy Story 3,0,2010
all,United States,Pete Docter,David Silverman,Lee Unkrich,1,Animation,Adventure,Comedy,Family,Fantasy,0,16224,8,English,0,0,96%,92,Monsters, Inc.,0,2001
7+,United States,Richard Marquand,1,Action,Adventure,Fantasy,Sci-Fi,0,16225,8.3,English,0,0,82%,131,Star Wars: Return of the Jedi,0,1983
7+,United States,Byron Howard,Rich Moore,Jared Bush,1,Animation,Adventure,Comedy,Crime,Family,Mystery,0,16226,8,English,0,0,98%,108,Zootopia,0,2016
13+,United States,J.J. Abrams,1,Action,Adventure,Sci-Fi,0,16227,7.9,English,0,0,93%,138,Star Wars: The Force Awakens,0,2015
13+,United States,Anthony Russo,Joe Russo,1,Action,Adventure,Sci-Fi,0,16228,7.8,English,German,Xhosa,Russian,Romanian,Hindi,0,0,91%,147,Captain America: Civil War,0,2016
13+,United States,Taika Waititi,1,Action,Adventure,Comedy,Fantasy,Sci-Fi,0,16229,7.9,English,0,0,93%,130,Thor: Ragnarok,0,2017
7+,United States,Rob Reiner,1,Adventure,Family,Fantasy,Romance,0,16230,8.1,English,0,0,97%,98,The Princess Bride,0,1987
all,United States,Brad Bird,Jan Pinkava,1,Animation,Adventure,Comedy,Drama,Family,Fantasy,0,16231,8,English,French,0,0,96%,111,Ratatouille,0,2007
13+,United States,Anthony Russo,Joe Russo,1,Action,Adventure,Sci-Fi,Thriller,0,16232,7.7,English,French,0,0,90%,136,Captain America: The Winter Soldier,0,2014
all,United States,Guy Ritchie,1,Adventure,Family,Fantasy,Musical,Romance,0,16233,8,English,Arabic,0,0,95%,128,Aladdin,0,1992
all,United States,John Lasseter,Ash Brannon,Lee Unkrich,1,Animation,Adventure,Comedy,Family,Fantasy,0,16234,7.9,English,Arabic,Spanish,0,0,100%,92,Toy Story 2,0,1999
7+,United States,Brad Bird,1,Animation,Action,Adventure,Family,0,16235,8,English,French,0,0,97%,115,The Incredibles,0,2004
13+,United States,Gore Verbinski,1,Action,Adventure,Fantasy,0,16236,8,English,0,0,79%,143,Pirates of the Caribbean: The Curse of the Black Pearl,0,2003
13+,United States,,1,Animation,Action,Adventure,Family,Fantasy,Mystery,0,16237,7.8,English,0,0,82%,23,Avatar,0,2009
7+,United States,Don Hall,Chris Williams,1,Animation,Action,Adventure,Family,Sci-Fi,0,16238,7.8,English,0,0,89%,102,Big Hero 6,0,2014
13+,United States,Scott Derrickson,1,Action,Adventure,Fantasy,Sci-Fi,0,16239,7.5,English,0,0,89%,115,Doctor Strange,0,2016
13+,United States,James Gunn,1,Action,Adventure,Comedy,Sci-Fi,0,16240,7.6,English,0,0,85%,136,Guardians of the Galaxy Vol. 2,0,2017
13+,United States,Gareth Edwards,1,Action,Adventure,Sci-Fi,0,16241,7.8,English,0,0,84%,133,Rogue One: A Star Wars Story,0,2016
all,United States,Josh Cooley,1,Animation,Adventure,Comedy,Family,Fantasy,0,16242,7.8,English,0,0,97%,100,Toy Story 4,0,2019
7+,United States,Ron Clements,John Musker,Don Hall,Chris Williams,1,Animation,Adventure,Comedy,Family,Fantasy,Musical,0,16243,7.6,English,0,0,95%,107,Moana,0,2016
7+,United States,Chris Buck,Jennifer Lee,1,Animation,Adventure,Comedy,Family,Fantasy,Musical,0,16244,7.4,English,Norwegian,0,0,90%,102,Frozen,0,2013
7+,United States,Henry Selick,1,Animation,Family,Fantasy,Musical,0,16245,8,English,0,0,95%,76,The Nightmare Before Christmas,0,1993
13+,United States,Ryan Coogler,1,Action,Adventure,Sci-Fi,0,16246,7.3,English,Swahili,Nama,Xhosa,Korean,0,0,97%,134,Black Panther,0,2018
7+,United States,Nathan Greno,Byron Howard,1,Animation,Adventure,Comedy,Family,Fantasy,Musical,Romance,0,16247,7.7,English,0,0,89%,100,Tangled,0,2010
7+,United States,Rich Moore,1,Animation,Adventure,Comedy,Family,Fantasy,0,16248,7.7,English,0,0,87%,101,Wreck-It Ralph,0,2012
13+,United States,Peyton Reed,1,Action,Adventure,Comedy,Sci-Fi,0,16249,7.3,English,0,0,83%,117,Ant-Man,0,2015
7+,United States,Dan Scanlon,1,Animation,Adventure,Comedy,Family,Fantasy,0,16250,7.5,English,0,0,88%,102,Onward,0,2020
13+,United States,Joss Whedon,1,Action,Adventure,Sci-Fi,0,16251,7.3,English,Korean,0,0,75%,141,Avengers: Age of Ultron,0,2015
all,United States,Robert Stevenson,1,Comedy,Family,Fantasy,Musical,0,16252,7.8,English,0,0,100%,139,Mary Poppins,0,1964
7+,United States,Andrew Stanton,Angus MacLane,1,Animation,Adventure,Comedy,Family,0,16253,7.3,English,Indonesian,0,0,94%,97,Finding Dory,0,2016
7+,United States,Robert Zemeckis,Richard Williams,1,Animation,Adventure,Comedy,Crime,Family,Fantasy,Mystery,0,16254,7.7,English,0,0,97%,104,Who Framed Roger Rabbit,0,1988
all,United States,Niki Caro,1,Action,Adventure,Drama,Family,0,16255,7.6,English,0,0,86%,115,Mulan,0,1998
13+,United States,Shane Black,1,Action,Adventure,Sci-Fi,0,16256,7.2,English,0,0,79%,130,Iron Man 3,0,2013
all,United States,Robert Wise,1,Biography,Drama,Family,Musical,Romance,0,16257,8,English,German,0,0,83%,172,The Sound of Music,0,1965
7+,United States,Chris Wedge,Carlos Saldanha,1,Animation,Adventure,Comedy,Family,Fantasy,0,16258,7.5,English,0,0,77%,81,Ice Age,0,2002
all,United States,John Lasseter,Joe Ranft,1,Animation,Comedy,Family,Sport,0,16259,7.1,English,Italian,Japanese,Yiddish,0,0,75%,117,Cars,0,2006
all,United States,William Cottrell,David Hand,Wilfred Jackson,Larry Morey,Perce Pearce,Ben Sharpsteen,1,Animation,Family,Fantasy,Musical,Romance,0,16260,7.6,English,0,0,98%,83,Snow White and the Seven Dwarfs,0,1937
all,United States,Dan Scanlon,1,Animation,Adventure,Comedy,Family,Fantasy,0,16261,7.3,English,0,0,80%,104,Monsters University,0,2013
7+,United States,Chris Buck,Jennifer Lee,1,Animation,Adventure,Comedy,Family,Fantasy,Musical,0,16262,6.9,English,0,0,77%,103,Frozen II,0,2019
7+,United States,Ericson Core,1,Adventure,Biography,Drama,Family,History,0,16263,8.1,English,0,0,91%,113,Togo,0,2019
all,United States,John Lasseter,Andrew Stanton,1,Animation,Adventure,Comedy,Family,0,16264,7.2,English,0,0,92%,95,A Bug's Life,0,1998
all,United Kingdom,United States,Jon Favreau,1,Adventure,Drama,Family,Fantasy,0,16265,7.6,English,0,0,87%,106,The Jungle Book,0,1967
7+,United States,Boaz Yakin,1,Biography,Drama,Sport,0,16266,7.8,English,0,0,73%,113,Remember the Titans,0,2000
7+,United States,United Kingdom,Mark Andrews,Brenda Chapman,Steve Purcell,1,Animation,Adventure,Comedy,Family,Fantasy,0,16267,7.1,English,0,0,78%,93,Brave,0,2012
13+,United States,David Silverman,1,Animation,Adventure,Comedy,0,16268,7.3,English,0,0,88%,87,The Simpsons Movie,0,2007
all,United States,James Algar,Samuel Armstrong,Ford Beebe Jr.,Norman Ferguson,David Hand,Jim Handley,T. Hee,Wilfred Jackson,Hamilton Luske,Bill Roberts,Paul Satterfield,Ben Sharpsteen,1,Animation,Family,Fantasy,Music,0,16269,7.8,English,0,0,94%,125,Fantasia,0,1940
all,United States,Mark Dindal,1,Animation,Adventure,Comedy,Family,Fantasy,0,16270,7.3,English,0,0,85%,78,The Emperor's New Groove,0,2000
all,France,United Kingdom,United States,David Lynch,1,Biography,Drama,0,16271,8,English,0,0,95%,112,The Straight Story,0,1999
all,United States,Clyde Geronimi,Hamilton Luske,Wolfgang Reitherman,1,Animation,Adventure,Comedy,Family,0,16272,7.2,English,0,0,98%,79,One Hundred and One Dalmatians,0,1961
all,United States,Charlie Bean,1,Adventure,Comedy,Drama,Family,Musical,Romance,0,16273,7.3,English,0,0,93%,103,Lady and the Tramp,0,1955
all,Italy,France,United Kingdom,Matteo Garrone,1,Drama,Fantasy,0,16274,7.4,Italian,0,0,100%,120,Pinocchio,0,1940
13+,United States,Alan Taylor,1,Action,Adventure,Fantasy,0,16275,6.9,English,0,0,66%,112,Thor: The Dark World,0,2013
13+,United States,Rian Johnson,1,Action,Adventure,Fantasy,Sci-Fi,0,16276,7,English,0,0,90%,152,Star Wars: The Last Jedi,0,2017
7+,United States,Dean DeBlois,Chris Sanders,1,Animation,Adventure,Comedy,Drama,Family,Fantasy,Sci-Fi,0,16277,7.2,English,Hawaiian,0,0,86%,85,Lilo & Stitch,0,2002
13+,United States,J.J. Abrams,1,Action,Adventure,Fantasy,Sci-Fi,0,16278,6.7,English,0,0,52%,142,Star Wars: The Rise of Skywalker,0,2019
13+,United States,Gore Verbinski,1,Action,Adventure,Fantasy,0,16279,7.3,English,Turkish,Greek,Mandarin,French,0,0,53%,151,Pirates of the Caribbean: Dead Man's Chest,0,2006
all,United States,James Algar,Samuel Armstrong,David Hand,Graham Heid,Bill Roberts,Paul Satterfield,Norman Wright,Arthur Davis,Clyde Geronimi,1,Animation,Drama,Family,0,16280,7.3,English,0,0,90%,70,Bambi,0,1942
13+,United States,Australia,Anna Boden,Ryan Fleck,1,Action,Adventure,Sci-Fi,0,16281,6.9,English,0,0,78%,123,Captain Marvel,0,2019
all,United States,Tim Burton,1,Adventure,Family,Fantasy,0,16282,7.4,English,0,0,81%,108,Alice in Wonderland,0,1951
all,United Kingdom,Australia,United States,New Zealand,P.J. Hogan,1,Adventure,Family,Fantasy,Romance,0,16283,7.3,English,North American Indian,0,0,80%,113,Peter Pan,0,1953
7+,United Kingdom,United States,Andrew Adamson,1,Adventure,Family,Fantasy,0,16284,6.9,English,German,Brazilian Sign Language,0,0,76%,143,The Chronicles of Narnia: The Lion, the Witch and the Wardrobe,0,2005
all,United States,George Seaton,1,Comedy,Drama,Family,0,16285,7.9,English,Dutch,0,0,96%,96,Miracle on 34th Street,0,1947
13+,United States,Gore Verbinski,1,Action,Adventure,Fantasy,0,16286,7.1,English,0,0,44%,169,Pirates of the Caribbean: At World's End,0,2007
all,United States,John Lounsbery,Wolfgang Reitherman,Ben Sharpsteen,1,Animation,Adventure,Comedy,Family,Musical,0,16287,7.6,English,0,0,100%,74,The Many Adventures of Winnie the Pooh,0,1977
7+,United States,George Lucas,1,Action,Adventure,Fantasy,Sci-Fi,0,16288,6.5,English,0,0,65%,142,Star Wars: Episode II - Attack of the Clones,0,2002
all,United Kingdom,United States,James Frawley,1,Adventure,Comedy,Family,Musical,0,16289,7.6,English,0,0,88%,95,The Muppet Movie,0,1979
all,United States,Burny Mattinson,1,Animation,Short,Comedy,Family,Fantasy,0,16290,8,English,0,0,100%,26,Mickey's Christmas Carol,0,1983
7+,United States,George Lucas,1,Action,Adventure,Fantasy,Sci-Fi,0,16291,6.5,English,0,0,53%,136,Star Wars: Episode I - The Phantom Menace,0,1999
7+,United States,Jon Turteltaub,1,Adventure,Comedy,Family,History,Sport,0,16292,7,English,German,Russian,0,0,76%,98,Cool Runnings,0,1993
7+,United States,United Kingdom,Nancy Meyers,1,Adventure,Comedy,Drama,Family,Romance,0,16293,6.5,English,French,0,0,86%,128,The Parent Trap,0,1998
all,United States,United Kingdom,Brian Henson,1,Comedy,Drama,Family,Fantasy,Musical,0,16294,7.7,English,0,0,75%,85,The Muppet Christmas Carol,0,1992
7+,United States,Ron Clements,John Musker,1,Animation,Adventure,Family,Sci-Fi,0,16295,7.2,English,0,0,69%,95,Treasure Planet,0,2002
all,United States,Ted Berman,Richard Rich,Art Stevens,David Hand,Wolfgang Reitherman,1,Animation,Adventure,Drama,Family,0,16296,7.3,English,0,0,70%,83,The Fox and the Hound,0,1981
7+,United States,Andrew Davis,1,Adventure,Comedy,Drama,Family,Mystery,0,16297,7,English,0,0,78%,117,Holes,0,2003
7+,United States,David Lowery,1,Action,Adventure,Comedy,Drama,Family,Fantasy,0,16298,6.7,English,0,0,88%,102,Pete's Dragon,0,2016
7+,United States,Peter Sohn,1,Animation,Adventure,Comedy,Drama,Family,Fantasy,0,16299,6.7,English,0,0,76%,93,The Good Dinosaur,0,2015
7+,United States,Tim Burton,1,Animation,Comedy,Family,Horror,Sci-Fi,0,16300,6.9,English,0,0,87%,87,Frankenweenie,0,2012
7+,United States,Joseph Kosinski,1,Action,Adventure,Sci-Fi,0,16301,6.8,English,0,0,74%,125,Tron,0,1982
all,United Kingdom,United States,Marc Forster,1,Comedy,Drama,Family,Fantasy,0,16302,7.2,English,0,0,91%,104,Winnie the Pooh,0,2011
7+,United States,Joseph Kosinski,1,Action,Adventure,Sci-Fi,0,16303,6.8,English,0,0,51%,125,TRON: Legacy,0,2010
all,United States,Wolfgang Reitherman,Clyde Geronimi,David Hand,1,Animation,Adventure,Comedy,Family,Fantasy,Musical,0,16304,7.2,English,0,0,67%,79,The Sword in the Stone,0,1963
all,United States,Wolfgang Reitherman,1,Animation,Adventure,Comedy,Family,Musical,0,16305,7.1,English,0,0,66%,78,The Aristocats,0,1970
all,United States,Brian Fee,1,Animation,Adventure,Comedy,Family,Sport,0,16306,6.7,English,0,0,70%,102,Cars 3,0,2017
7+,United States,Mira Nair,1,Biography,Drama,Sport,0,16307,7.4,English,0,0,93%,124,Queen of Katwe,0,2016
all,United States,Duwayne Dunham,1,Adventure,Comedy,Drama,Family,0,16308,6.9,English,0,0,87%,84,Homeward Bound: The Incredible Journey,0,1993
7+,United States,United Kingdom,Canada,Joachim Rønning,1,Adventure,Family,Fantasy,0,16309,6.6,English,0,0,40%,119,Maleficent: Mistress of Evil,0,2019
7+,United States,Fisher Stevens,1,Documentary,0,16310,8.3,English,0,0,74%,96,Before the Flood,0,2016
7+,United States,Poland,Slovenia,Czech Republic,United Kingdom,Andrew Adamson,1,Action,Adventure,Family,Fantasy,0,16311,6.5,English,0,0,66%,150,The Chronicles of Narnia: Prince Caspian,0,2008
all,United States,Ron Clements,Burny Mattinson,David Michener,John Musker,1,Animation,Adventure,Family,Musical,Mystery,0,16312,7.2,English,French,German,Italian,0,0,79%,74,The Great Mouse Detective,0,1986
7+,United States,Randal Kleiser,1,Adventure,Comedy,Family,Sci-Fi,0,16313,6.9,English,0,0,83%,90,Flight of the Navigator,0,1986
7+,United Kingdom,United States,Henry Selick,1,Animation,Adventure,Family,Fantasy,Musical,0,16314,6.7,English,0,0,91%,79,James and the Giant Peach,0,1996
7+,United States,Ron Howard,1,Action,Adventure,Drama,Fantasy,Romance,0,16315,7.3,English,0,0,50%,126,Willow,0,1988
all,United States,Stephen J. Anderson,1,Animation,Adventure,Comedy,Family,Sci-Fi,0,16316,6.8,English,0,0,67%,95,Meet the Robinsons,0,2007
13+,United States,George Lucas,1,Action,Adventure,Fantasy,Sci-Fi,0,16317,7.5,English,0,0,,140,Star Wars: Episode III - Revenge of the Sith,0,2005
all,United States,James Algar,Gaëtan Brizzi,Paul Brizzi,Hendel Butoy,Francis Glebas,Eric Goldberg,Don Hahn,Pixote Hunt,1,Animation,Comedy,Family,Fantasy,Music,0,16318,7.2,English,0,0,81%,75,Fantasia 2000,0,1999
all,United States,Bradley Raymond,1,Animation,Adventure,Family,Fantasy,0,16319,6.8,English,0,0,100%,78,Tinker Bell,0,2008
all,United States,John Lounsbery,Wolfgang Reitherman,Art Stevens,1,Animation,Adventure,Comedy,Family,Fantasy,0,16320,6.9,English,0,0,80%,78,The Rescuers,0,1977
7+,United States,Frank Marshall,1,Adventure,Drama,Family,0,16321,7.3,English,0,0,72%,120,Eight Below,0,2006
7+,United States,Angelina Jolie,1,Biography,Drama,Sport,War,0,16322,7.1,English,Japanese,Italian,0,0,72%,137,Invincible,0,2006
7+,United States,Emile Ardolino,1,Comedy,Crime,Family,Music,0,16323,6.4,English,0,0,73%,100,Sister Act,0,1992
13+,United States,Andrew Stanton,1,Action,Adventure,Sci-Fi,0,16324,6.6,English,0,0,52%,132,John Carter,0,2012
7+,United States,Mark Waters,1,Comedy,Family,Fantasy,Music,Romance,0,16325,6.1,English,Mandarin,0,0,88%,97,Freaky Friday,0,2003
7+,United States,Canada,John Pasquin,1,Comedy,Drama,Family,Fantasy,0,16326,6.5,English,Spanish,0,0,71%,97,The Santa Clause,0,1994
all,United States,Kenny Ortega,1,Comedy,Family,Fantasy,Musical,0,16327,6.4,English,0,0,90%,112,Descendants,0,2015
all,United States,Robert Stevenson,1,Adventure,Drama,Family,Western,0,16328,7.3,English,0,0,100%,83,Old Yeller,0,1957
7+,United States,Mexico,Joe Johnston,1,Adventure,Comedy,Family,Sci-Fi,0,16329,6.3,English,0,0,75%,93,Honey, I Shrunk the Kids,0,1989
all,United States,Robert Hughes,Dan Povenmire,Jay Lender,Jeff 'Swampy' Marsh,Kyle Menke,1,Animation,Action,Adventure,Comedy,Family,Musical,Sci-Fi,0,16330,7.4,English,0,0,100%,78,Phineas and Ferb the Movie: Across the 2nd Dimension,0,2011
13+,United States,United Kingdom,Rob Marshall,1,Action,Adventure,Fantasy,0,16331,6.6,English,Spanish,0,0,33%,137,Pirates of the Caribbean: On Stranger Tides,0,2011
7+,United States,India,United Kingdom,Steven Spielberg,1,Adventure,Family,Fantasy,0,16332,6.4,English,0,0,75%,117,The BFG,0,2016
all,United States,United Kingdom,Garry Marshall,1,Comedy,Family,Romance,0,16333,6.3,English,Dutch,Italian,0,0,48%,111,The Princess Diaries,0,2001
7+,United States,Jon Turteltaub,1,Action,Adventure,Family,Mystery,Thriller,0,16334,6.5,English,French,0,0,36%,124,National Treasure: Book of Secrets,0,2007
13+,United States,Craig Gillespie,1,Action,Drama,History,Thriller,0,16335,6.8,English,0,0,64%,117,The Finest Hours,0,2016
all,France,United States,Bob Hathcock,1,Animation,Adventure,Comedy,Family,Fantasy,0,16336,6.9,English,0,0,88%,74,DuckTales: The Movie - Treasure of the Lost Lamp,0,1990
all,United States,Australia,France,Canada,Kevin Lima,1,Animation,Adventure,Comedy,Family,Musical,Romance,0,16337,6.8,English,0,0,59%,78,A Goofy Movie,0,1995
7+,United States,Canada,Bill Paxton,1,Biography,Drama,Sport,0,16338,7.4,English,0,0,63%,120,The Greatest Game Ever Played,0,2005
all,Australia,United States,Bradley Raymond,1,Animation,Adventure,Comedy,Family,Musical,0,16339,6.5,English,0,0,78%,77,The Lion King 1½,0,2004
all,United States,Australia,Darrell Rooney,Rob LaDuca,1,Animation,Adventure,Drama,Family,Musical,Romance,0,16340,6.5,English,0,0,62%,81,The Lion King II: Simba's Pride,0,1998
7+,United States,James Algar,Clyde Geronimi,Jack Kinney,1,Animation,Comedy,Family,Fantasy,Horror,0,16341,7,English,0,0,93%,68,The Adventures of Ichabod and Mr. Toad,0,1949
all,United States,Klay Hall,1,Animation,Adventure,Family,Fantasy,0,16342,6.7,English,0,0,100%,81,Tinker Bell and the Lost Treasure,0,2009
all,United States,Robert Stevenson,Ward Kimball,1,Animation,Adventure,Comedy,Family,Fantasy,Musical,0,16343,7.1,English,German,0,0,65%,117,Bedknobs and Broomsticks,0,1971
7+,United States,Kenny Ortega,1,Comedy,Family,Fantasy,0,16344,6.9,English,French,0,0,34%,96,Hocus Pocus,0,1993
7+,United States,Randall Wallace,1,Biography,Drama,Family,History,Sport,0,16345,7.2,English,0,0,63%,123,Secretariat,0,2010
all,United States,Robert Stevenson,1,Adventure,Family,Fantasy,Romance,0,16346,7.2,English,Irish,0,0,100%,93,Darby O'Gill and the Little People,0,1959
all,United States,Brian Henson,David Lane,1,Action,Adventure,Comedy,Family,Musical,Romance,0,16347,7,English,0,0,73%,99,Muppet Treasure Island,0,1996
all,United States,Hendel Butoy,Mike Gabriel,1,Animation,Adventure,Crime,Drama,Family,Fantasy,Mystery,0,16348,6.9,English,0,0,69%,77,The Rescuers Down Under,0,1990
7+,United States,Joe Johnston,1,Action,Adventure,Family,Sci-Fi,0,16349,6.5,English,German,0,0,65%,108,The Rocketeer,0,1991
all,United States,Kenny Ortega,1,Comedy,Drama,Family,Music,Musical,Romance,0,16350,5.4,English,Spanish,0,0,63%,98,High School Musical,0,2006
7+,United States,Gary Trousdale,Kirk Wise,1,Animation,Action,Adventure,Family,Fantasy,Sci-Fi,0,16351,6.9,English,French,Spanish,0,0,49%,95,Atlantis: The Lost Empire,0,2001
all,United Kingdom,United States,Jim Henson,1,Adventure,Comedy,Crime,Family,Musical,Mystery,0,16352,7.2,English,0,0,76%,97,The Great Muppet Caper,0,1981
7+,United States,Jeffrey Hornaday,1,Family,Fantasy,Musical,0,16353,5.9,English,0,0,86%,110,Teen Beach Movie,0,2013
all,United States,Eric Brevig,1,Action,Adventure,Family,Fantasy,Sci-Fi,0,16354,7,English,Icelandic,Italian,0,0,86%,93,Journey to the Center of the Earth,0,1959
all,United States,David Swift,1,Comedy,Drama,Family,0,16355,7.4,English,0,0,86%,134,Pollyanna,0,1960
all,United States,Kenny Ortega,1,Comedy,Drama,Family,Music,Musical,Romance,0,16356,5,English,0,0,82%,104,High School Musical 2,0,2007
all,United States,Duwayne Dunham,1,Adventure,Comedy,Family,Fantasy,0,16357,6.8,English,0,0,80%,84,Halloweentown,0,1998
all,United States,Aaron Blaise,Robert Walker,1,Animation,Adventure,Comedy,Family,Fantasy,0,16358,6.8,English,Inuktitut,Croatian,Serbian,0,0,37%,85,Brother Bear,0,2003
13+,United Kingdom,Danny Boyle,1,Comedy,Crime,Drama,Family,0,16359,6.9,English,0,0,88%,98,Millions,0,2004
7+,United States,James Bobin,1,Adventure,Comedy,Crime,Family,Musical,Mystery,0,16360,6.4,English,German,0,0,80%,107,Muppets Most Wanted,0,2014
7+,United States,Jeremy Kagan,1,Adventure,Family,0,16361,7.1,English,0,0,100%,101,The Journey of Natty Gann,0,1985
all,United States,India,United Kingdom,Roberts Gannaway,Peggy Holmes,1,Animation,Family,Fantasy,0,16362,7.1,English,0,0,60%,75,Secret of the Wings,0,2012
all,United States,John Lasseter,Bradford Lewis,1,Animation,Adventure,Comedy,Family,Sport,0,16363,6.1,English,Japanese,Italian,French,0,0,39%,106,Cars 2,0,2011
all,United States,Bradley Raymond,1,Animation,Adventure,Family,Fantasy,0,16364,6.9,English,0,0,78%,76,Tinker Bell and the Great Fairy Rescue,0,2010
all,United States,Kenny Ortega,1,Action,Adventure,Family,Fantasy,Romance,0,16365,6.5,English,0,0,67%,111,Descendants 2,0,2017
all,United States,Chris Columbus,1,Adventure,Comedy,Crime,Romance,0,16366,6,English,0,0,100%,102,Adventures in Babysitting,0,2016
7+,United States,Eric Leighton,Ralph Zondag,1,Animation,Adventure,Family,Thriller,0,16367,6.5,English,0,0,64%,82,Dinosaur,0,2000
7+,United States,United Kingdom,Australia,Canada,Tim Burton,1,Adventure,Family,Fantasy,0,16368,6.3,English,French,0,0,47%,112,Dumbo,0,2019
7+,Canada,United States,Kevin Hooks,1,Biography,Drama,Family,0,16369,7.2,English,0,0,100%,87,The Color of Friendship,0,2000
all,United States,George Scribner,1,Animation,Adventure,Comedy,Family,Musical,0,16370,6.7,English,0,0,51%,74,Oliver & Company,0,1988
all,United States,Mark Linfield,Alastair Fothergill,1,Documentary,0,16371,7.3,English,0,0,93%,81,Monkey Kingdom,0,2015
all,United States,Norman Foster,1,Adventure,Drama,Family,Western,0,16372,7,English,Spanish,0,0,100%,93,Davy Crockett, King of the Wild Frontier,0,1955
all,United States,John Landis,1,Comedy,Western,0,16373,6.5,English,Spanish,German,0,0,82%,104,The Three Caballeros,0,1944
all,United States,Robert Stevenson,1,Comedy,Crime,Family,Thriller,0,16374,6.8,English,French,0,0,94%,116,That Darn Cat!,0,1965
all,United States,Keith Scholey,Alastair Fothergill,1,Documentary,Adventure,0,16375,7.6,English,0,0,73%,89,African Cats,0,2011
7+,United States,Kenny Ortega,1,Drama,Family,History,Musical,0,16376,7,English,0,0,39%,121,Newsies,0,1992
7+,United States,France,Leonard Nimoy,1,Comedy,Drama,Family,0,16377,6,English,0,0,75%,102,3 Men and a Baby,0,1987
7+,United States,Jay Russell,1,Drama,Family,Fantasy,Romance,0,16378,6.6,English,French,0,0,60%,90,Tuck Everlasting,0,2002
all,Canada,United States,Fletcher Markle,1,Adventure,Drama,Family,0,16379,7.1,English,0,0,89%,80,The Incredible Journey,0,1963
all,United States,Robert Stevenson,1,Comedy,Family,Sport,0,16380,6.5,English,Cantonese,Spanish,0,0,76%,108,The Love Bug,0,1968
all,United States,Kenny Ortega,1,Comedy,Drama,Family,Music,Musical,Romance,0,16381,4.8,English,0,0,64%,112,High School Musical 3: Senior Year,0,2008
7+,United Kingdom,United States,Walter Murch,1,Adventure,Family,Fantasy,Horror,Mystery,0,16382,6.7,English,0,0,52%,113,Return to Oz,0,1985
all,United States,Robert Stevenson,1,Comedy,Family,Fantasy,0,16383,6.9,English,0,0,82%,106,Blackbeard's Ghost,0,1968
all,Tanzania,United States,Alastair Fothergill,Mark Linfield,1,Documentary,Family,0,16384,7.2,English,0,0,76%,78,Chimpanzee,0,2012
all,United States,Robert Stevenson,1,Comedy,Family,Sci-Fi,Sport,0,16385,6.8,English,0,0,83%,92,The Absent-Minded Professor,0,1961
all,United States,Matthew Diamond,1,Comedy,Family,Music,Musical,Romance,0,16386,5.2,English,Portuguese,0,0,45%,94,Camp Rock,0,2008
all,United States,Alastair Fothergill,Jeff Wilson,1,Documentary,Family,0,16387,7,English,0,0,92%,76,Penguins,0,2019
all,United States,Frank Nissen,1,Animation,Comedy,Family,Fantasy,Musical,Mystery,0,16388,6.4,English,0,0,80%,68,Pooh's Heffalump Movie,0,2005
7+,United States,Roger Spottiswoode,1,Comedy,Crime,Drama,Thriller,0,16389,6.2,English,0,0,52%,97,Turner & Hooch,0,1989
7+,United States,James Gartner,1,Biography,Drama,Sport,0,16390,7.2,English,0,0,,118,Glory Road,0,2006
all,United States,Allison Liddi-Brown,1,Comedy,Drama,Family,0,16391,5.6,English,0,0,60%,90,Princess Protection Program,0,2009
7+,United States,Cristina Costantini,Darren Foster,1,Documentary,0,16392,7.4,English,0,0,97%,90,Science Fair,0,2018
,United States,Don Chaffey,1,Drama,Family,0,16393,7.3,English,0,0,100%,87,Greyfriars Bobby: The True Story of a Dog,0,1961
7+,United States,United Kingdom,Thor Freudenthal,1,Comedy,Drama,Family,0,16394,6.2,English,German,0,0,53%,120,Diary of a Wimpy Kid,0,2010
7+,United States,Peter Hedges,1,Comedy,Drama,Family,Fantasy,0,16395,6.6,English,0,0,35%,105,The Odd Life of Timothy Green,0,2012
7+,United States,Ron Howard,1,Comedy,Fantasy,Romance,0,16396,6.2,English,Swedish,0,0,90%,111,Splash,0,1984
all,United States,Garry Marshall,1,Comedy,Family,Romance,0,16397,5.8,English,Greek,French,Spanish,0,0,26%,113,The Princess Diaries 2: Royal Engagement,0,2004
7+,United States,United Kingdom,Ted Berman,Richard Rich,1,Animation,Action,Adventure,Family,Fantasy,Horror,0,16398,6.4,English,Portuguese,0,0,55%,80,The Black Cauldron,0,1985
7+,United States,Andy Fickman,1,Comedy,Family,Sport,0,16399,6.1,English,0,0,28%,110,The Game Plan,0,2007
all,United States,Frank Nissen,1,Animation,Family,Fantasy,Musical,Romance,0,16400,5.9,English,0,0,75%,74,Cinderella III: A Twist in Time,0,2007
7+,United States,Don Hahn,1,Documentary,0,16401,7.6,English,0,0,71%,86,Waking Sleeping Beauty,0,2009
all,United States,Japan,Jun Falkenstein,1,Animation,Comedy,Drama,Family,Musical,0,16402,6.3,English,0,0,62%,77,The Tigger Movie,0,2000
all,United States,John Hough,1,Adventure,Family,Fantasy,Mystery,Sci-Fi,0,16403,6.4,English,0,0,76%,97,Escape to Witch Mountain,0,1975
7+,United States,Tom McCarthy,1,Adventure,Comedy,Drama,Family,Fantasy,0,16404,6.1,English,0,0,88%,99,Timmy Failure: Mistakes Were Made,0,2020
all,United States,United Kingdom,Stephen Herek,1,Adventure,Comedy,Crime,Family,0,16405,5.7,English,Spanish,0,0,42%,103,101 Dalmatians,0,1996
7+,United States,Julie Anne Robinson,1,Drama,Music,Romance,0,16406,6,English,0,0,21%,107,The Last Song,0,2010
7+,United States,Sam Weisman,1,Action,Adventure,Comedy,Family,Romance,0,16407,5.5,English,Spanish,0,0,57%,92,George of the Jungle,0,1997
7+,United States,Theodore Thomas,1,Documentary,0,16408,7.8,English,0,0,88%,89,Frank and Ollie,0,1995
all,United States,Canada,Michael Lembeck,1,Comedy,Family,Fantasy,0,16409,5.6,English,0,0,56%,104,The Santa Clause 2,0,2002
7+,United States,Steven Brill,1,Comedy,Drama,Family,Sport,0,16410,6.6,English,0,0,29%,100,Heavyweights,0,1995
all,United States,Canada,Tim Fywell,1,Comedy,Drama,Family,Sport,0,16411,6,English,0,0,52%,98,Ice Princess,0,2005
7+,United States,Adam Shankman,1,Comedy,Family,Fantasy,Romance,0,16412,6,English,0,0,26%,99,Bedtime Stories,0,2008
7+,United States,Shawn Levy,1,Comedy,Family,0,16413,5.9,English,0,0,24%,98,Cheaper by the Dozen,0,2003
all,United States,Australia,Douglas McCarthy,1,Animation,Comedy,Family,Sport,0,16414,6.4,English,0,0,63%,79,An Extremely Goofy Movie,0,2000
7+,United States,Stuart Gillard,1,Comedy,Drama,Family,Fantasy,0,16415,5.7,English,0,0,60%,86,Twitches,0,2005
7+,United States,Charles Haid,1,Adventure,Family,0,16416,6.6,English,0,0,62%,108,Iron Will,0,1994
all,United States,Tad Stones,1,Animation,Adventure,Comedy,Family,Fantasy,Musical,Romance,0,16417,6.4,English,0,0,33%,81,Aladdin and the King of Thieves,0,1996
all,United States,Francis Glebas,1,Animation,Adventure,Comedy,Family,Musical,Mystery,0,16418,6.1,English,0,0,70%,75,Piglet's Big Movie,0,2003
7+,United States,Wayne Wang,1,Comedy,Drama,Family,0,16419,6.3,English,0,0,55%,106,Because of Winn-Dixie,0,2005
all,United States,Jack Kinney,Hamilton Luske,William Morgan,Bill Roberts,1,Animation,Adventure,Comedy,Family,Fantasy,Musical,Romance,0,16420,6.6,English,0,0,67%,73,Fun and Fancy Free,0,1947
all,United States,Jun Falkenstein,Alex Mann,Bradley Raymond,Toby Shelton,Bill Speers,1,Animation,Comedy,Family,Fantasy,0,16421,7.2,English,0,0,40%,66,Mickey's Once Upon a Christmas,0,1999
all,United States,Mexico,Renny Harlin,1,Action,Adventure,Sci-Fi,Thriller,0,16422,7.4,English,Spanish,0,0,67%,105,Deep Blue,0,2003
13+,United States,Anthony Hemingway,1,Action,Drama,History,War,0,16423,5.9,English,Italian,German,0,0,40%,125,Red Tails,0,2012
7+,United States,Michael LaBash,Tony Leondis,1,Animation,Comedy,Drama,Family,Sci-Fi,0,16424,6.3,English,French,Spanish,0,0,40%,68,Lilo & Stitch 2: Stitch Has a Glitch,0,2005
7+,United States,Euzhan Palcy,1,Adventure,Drama,Family,Fantasy,0,16425,7.2,English,0,0,83%,96,Ruby Bridges,0,1998
13+,United States,Betty Thomas,1,Comedy,Family,Fantasy,0,16426,5.4,English,0,0,42%,85,Doctor Dolittle,0,1998
7+,United States,Ben Gluck,1,Animation,Adventure,Comedy,Family,Fantasy,0,16427,6.2,English,0,0,50%,74,Brother Bear 2,0,2006
7+,United States,Paul Hoen,1,Comedy,Family,Music,Musical,Romance,0,16428,5.2,English,0,0,63%,97,Camp Rock 2: The Final Jam,0,2010
all,United States,Japan,Chuck Sheetz,1,Animation,Comedy,Family,0,16429,6.6,English,0,0,60%,82,Recess: School's Out,0,2001
7+,United States,Stephen Sommers,1,Adventure,Comedy,Drama,Family,0,16430,6.2,English,French,0,0,73%,108,The Adventures of Huck Finn,0,1993
7+,United States,Patricia Riggen,1,Comedy,Drama,Family,Music,Musical,0,16431,6.9,English,0,0,,103,Lemonade Mouth,0,2011
all,United States,United Kingdom,Matthew Aeberhard,Leander Ward,1,Documentary,0,16432,7.3,English,0,0,75%,78,The Crimson Wing: Mystery of the Flamingos,0,2008
7+,United States,Jim Abrahams,1,Comedy,0,16433,6.4,English,Italian,0,0,44%,97,Big Business,0,1988
,United States,Clyde Geronimi,Wilfred Jackson,Jack Kinney,Hamilton Luske,1,Animation,Comedy,Family,Musical,0,16434,6.4,English,0,0,80%,75,Melody Time,0,1948
all,United States,Brian Pimental,1,Animation,Adventure,Drama,Family,Romance,0,16435,6.1,English,0,0,50%,75,Bambi II,0,2006
all,Canada,United States,Oz Scott,1,Comedy,Drama,Family,Music,Musical,0,16436,4.8,English,Spanish,0,0,71%,100,The Cheetah Girls,0,2003
all,United States,Peter Chelsom,1,Comedy,Drama,Family,Music,Romance,0,16437,4.5,English,0,0,44%,102,Hannah Montana: The Movie,0,2009
all,United States,Robert Stevenson,1,Comedy,Family,Fantasy,Romance,0,16438,5.7,English,0,0,80%,88,Herbie Rides Again,0,1974
all,United States,Kenny Ortega,1,Adventure,Family,Musical,0,16439,6.7,English,0,0,78%,106,Descendants 3,0,2019
all,United States,Kevin Deters,Stevie Wermers,1,Animation,Short,Adventure,Comedy,Family,Fantasy,Musical,0,16440,5.5,English,0,0,57%,22,Olaf's Frozen Adventure,0,2017
all,United States,Norman Tokar,1,Comedy,Family,Western,0,16441,6.5,English,0,0,56%,100,The Apple Dumpling Gang,0,1975
13+,United States,Jeff Calhoun,Brett Sullivan,1,Musical,0,16442,8.5,English,0,0,,149,Newsies: The Broadway Musical,0,2017
all,United States,Jim Kammerud,Brian Smith,1,Animation,Adventure,Comedy,Family,Musical,0,16443,5.8,English,0,0,67%,74,101 Dalmatians II: Patch's London Adventure,0,2003
,United States,Wilfred Jackson,Jack Kinney,Hamilton Luske,Bill Roberts,Norman Ferguson,1,Animation,Short,Adventure,Comedy,Family,Fantasy,Music,0,16444,6.2,English,Portuguese,0,0,83%,42,Saludos Amigos,0,1942
7+,United States,Ron Underwood,1,Action,Adventure,Family,Fantasy,Thriller,0,16445,5.6,English,Swahili,0,0,55%,114,Mighty Joe Young,0,1998
all,Ireland,United States,Canada,United Kingdom,Denmark,Spain,Poland,Hungary,Don Bluth,Gary Goldman,1,Animation,Family,Fantasy,Musical,Romance,0,16446,6.3,English,0,0,30%,86,Thumbelina,0,1994
7+,United States,Jim Fall,1,Adventure,Comedy,Family,Music,Romance,0,16447,5.5,English,Italian,0,0,41%,94,The Lizzie McGuire Movie,0,2003
all,United States,Norman Tokar,1,Comedy,Family,Sci-Fi,0,16448,6.1,English,0,0,67%,104,The Cat from Outer Space,0,1978
7+,United States,Daniel Stern,1,Comedy,Family,Fantasy,Sport,0,16449,6,English,0,0,35%,103,Rookie of the Year,0,1993
7+,United States,Bill Duke,1,Comedy,Family,Music,0,16450,5.6,English,0,0,7%,107,Sister Act 2: Back in the Habit,0,1993
all,United States,David R. Ellis,1,Adventure,Comedy,Family,Romance,0,16451,5.9,English,0,0,53%,88,Homeward Bound II: Lost in San Francisco,0,1996
all,United States,Paul Hoen,1,Comedy,Drama,Family,Romance,Sport,0,16452,5.3,English,0,0,63%,85,Jump In!,0,2007
7+,United States,George Butler,1,Documentary,Short,0,16453,7.2,English,0,0,70%,40,Roving Mars,0,2006
7+,United States,Gary Nelson,1,Action,Sci-Fi,0,16454,6,English,0,0,40%,98,The Black Hole,0,1979
all,United States,Australia,Darrell Rooney,Jeannine Roussel,1,Animation,Adventure,Family,Musical,Romance,0,16455,5.9,English,0,0,45%,69,Lady and the Tramp II: Scamp's Adventure,0,2001
7+,United States,Germany,Ireland,United Kingdom,Frank Coraci,1,Action,Adventure,Comedy,Family,Western,0,16456,5.9,English,Cantonese,French,German,Hindi,Turkish,0,0,32%,120,Around the World in 80 Days,0,2004
all,United States,John Lasseter,1,Animation,Short,Family,0,16457,7.3,None,0,0,,2,Luxo Jr.,0,1986
7+,United States,Les Mayfield,1,Comedy,Family,Sci-Fi,0,16458,5.3,English,0,0,24%,93,Flubber,0,1997
all,United States,Toby Shelton,Tad Stones,Alan Zaslove,1,Animation,Adventure,Comedy,Family,Fantasy,Musical,Romance,0,16459,5.9,English,0,0,33%,69,The Return of Jafar,0,1994
all,United States,James Cameron,Steven Quale,1,Documentary,Family,0,16460,6.4,English,0,0,84%,100,Aliens of the Deep,0,2005
all,United States,Donovan Cook,1,Animation,Adventure,Comedy,Family,Musical,Romance,0,16461,6.4,English,0,0,36%,68,Mickey, Donald, Goofy: The Three Musketeers,0,2004
7+,United States,Peggy Holmes,1,Animation,Drama,Family,Fantasy,Musical,0,16462,6.3,English,0,0,33%,77,The Little Mermaid: Ariel's Beginning,0,2008
all,United States,Kenny Ortega,1,Comedy,Drama,Family,Music,Musical,0,16463,5,English,Spanish,0,0,43%,96,The Cheetah Girls 2: When in Spain,0,2006
all,United States,Karl Geurs,1,Animation,Adventure,Comedy,Family,Musical,0,16464,7.1,English,0,0,33%,76,Pooh's Grand Adventure: The Search for Christopher Robin,0,1997
13+,United States,Albert Hughes,Allen Hughes,1,Horror,Mystery,Thriller,0,16465,5.8,English,0,0,18%,122,Jack,0,1996
7+,United States,,1,Action,Adventure,Crime,Drama,Fantasy,Sci-Fi,0,16466,6.2,English,0,0,71%,45,Stargirl,0,2020
all,United States,Canada,Australia,Robin Budd,Donovan Cook,1,Animation,Adventure,Family,Fantasy,0,16467,5.8,English,0,0,45%,72,Return to Never Land,0,2002
all,United States,Charles Barton,1,Family,Comedy,Fantasy,0,16468,6.5,English,0,0,68%,104,The Shaggy Dog,0,1959
all,United States,Vincent McEveety,1,Action,Adventure,Comedy,Crime,Family,Romance,Sport,0,16469,5.7,English,French,0,0,60%,105,Herbie Goes to Monte Carlo,0,1977
7+,United States,Will Finn,John Sanford,1,Animation,Adventure,Comedy,Family,Music,Western,0,16470,5.3,English,Mandarin,0,0,53%,76,Home on the Range,0,2004
,United Kingdom,Tom Jennings,David Tillman,1,Documentary,Biography,0,1648,7.9,English,1,0,,112,Diana: In Her Own Words,0,2017
7+,United States,Canada,Australia,Taiwan,Jim Kammerud,Brian Smith,1,Animation,Drama,Family,Fantasy,Musical,0,16471,5.6,English,0,0,33%,75,The Little Mermaid II: Return to the Sea,0,2000
all,United States,Paul Hoen,1,Comedy,Drama,Family,Musical,0,16472,4.7,English,0,0,67%,90,The Cheetah Girls: One World,0,2008
all,United States,Tony Craig,Roberts Gannaway,1,Animation,Action,Adventure,Comedy,Drama,Family,Sci-Fi,0,16473,6.2,English,0,0,40%,73,Leroy & Stitch,0,2006
all,United States,Angela Robinson,1,Adventure,Comedy,Family,Fantasy,Romance,Sport,0,16474,4.8,English,0,0,41%,101,Herbie Fully Loaded,0,2005
all,United States,Paul Hoen,1,Drama,Family,Music,0,16475,6.4,English,0,0,,104,Let It Shine,0,2012
7+,United States,Lev L. Spiro,1,Adventure,Comedy,Drama,Family,Fantasy,0,16476,6.2,English,0,0,,94,Wizards of Waverly Place: The Movie,0,2009
7+,United States,Ava DuVernay,1,Adventure,Family,Fantasy,Sci-Fi,0,16477,4.2,English,0,0,42%,109,A Wrinkle in Time,0,2018
all,United States,Joe Camp,1,Adventure,Family,0,16478,6.3,English,0,0,50%,88,Benji the Hunted,0,1987
all,United States,Howy Parkins,1,Animation,Comedy,Family,0,16479,6.8,English,0,0,67%,62,Recess: Taking the Fifth Grade,0,2003
all,United States,Sean McNamara,1,Comedy,Family,0,16480,6.2,English,0,0,40%,93,The Even Stevens Movie,0,2003
,United States,Alfred Gimeno,Eric Radomski,1,Animation,Action,Comedy,Fantasy,Sci-Fi,0,16481,5.2,English,0,0,100%,80,Marvel Rising: Secret Warriors,0,2018
7+,United States,Simon Wells,1,Animation,Action,Adventure,Family,Sci-Fi,0,16482,5.4,English,0,0,37%,88,Mars Needs Moms,0,2011
all,United States,Michael Lembeck,1,Comedy,Drama,Family,Music,Musical,Romance,0,16483,4.7,English,0,0,60%,90,Sharpay's Fabulous Adventure,0,2011
7+,United States,Victor Gonzalez,1,Adventure,Comedy,Drama,Family,Fantasy,0,16484,6.4,English,Italian,0,0,,60,The Wizards Return: Alex vs. Alex,0,2013
7+,United States,Raja Gosnell,1,Comedy,Crime,Family,0,16485,4.5,English,Polish,0,0,29%,102,Home Alone 3,0,1997
7+,United States,Emile Ardolino,1,Comedy,Drama,Family,Romance,0,16486,5.4,English,0,0,38%,104,3 Men and a Little Lady,0,1990
all,Canada,United States,Andrew Knight,1,Animation,Family,Fantasy,Music,Musical,0,16487,6.1,English,0,0,13%,72,Beauty and the Beast: The Enchanted Christmas,0,1997
all,United States,John Huston,1,Comedy,Drama,Family,Musical,0,16488,6.7,English,0,0,,126,Annie,0,1999
7+,United States,Duwayne Dunham,1,Drama,Family,0,16489,6.2,English,0,0,60%,88,Tiger Cruise,0,2005
all,United States,Tony Craig,Roberts Gannaway,1,Animation,Adventure,Comedy,Family,Sci-Fi,0,16490,6.2,Hawaiian,English,0,0,20%,60,Stitch! The Movie,0,2003
all,United States,Jack Donohue,1,Comedy,Family,Fantasy,Musical,Romance,0,16491,6.3,English,0,0,36%,106,Babes in Toyland,0,1961
all,United States,Greg Beeman,1,Drama,Family,Sport,0,16492,7.1,English,0,0,,99,Brink!,0,1998
7+,United States,Jeremiah S. Chechik,1,Adventure,Family,Fantasy,Western,0,16493,5.9,English,0,0,50%,96,Tall Tale,0,1995
all,United States,Arlene Sanford,1,Comedy,Drama,Family,0,16494,6.4,English,Korean,0,0,,90,Good Luck Charlie, It's Christmas!,0,2011
7+,United States,Hoyt Yeatman,1,Action,Adventure,Comedy,Family,Fantasy,Sci-Fi,0,16495,5.1,Spanish,English,0,0,22%,88,G-Force,0,2009
all,United States,Paul Hoen,1,Drama,Family,Sport,0,16496,6.6,English,0,0,,85,Cloud 9,0,2014
7+,United States,Jeffrey Hornaday,1,Comedy,Drama,Family,Romance,0,16497,6.4,English,0,0,,94,Geek Charming,0,2011
7+,Canada,United States,Brian Levant,1,Adventure,Comedy,Family,Sport,0,16498,5.2,English,0,0,25%,99,Snow Dogs,0,2002
all,United States,South Korea,Singapore,Russia,Malaysia,Kazakhstan,Taiwan,Hong Kong,Japan,China,India,Syria,Iran,Egypt,Pakistan,Darrell Rooney,Lynne Southerland,1,Animation,Action,Comedy,Family,Musical,0,16499,5.7,English,0,0,,79,Mulan II,0,2004
7+,United States,Steve Carr,1,Comedy,Family,Fantasy,0,16500,4.7,English,0,0,42%,87,Dr. Dolittle 2,0,2001
all,United States,Steve Loter,1,Animation,Action,Adventure,Comedy,Family,Fantasy,Sci-Fi,0,16501,7.1,English,0,0,,71,Kim Possible Movie: So the Drama,0,2005
7+,United States,Jonathan Prince,1,Adventure,Comedy,Family,0,16502,6.1,English,0,0,18%,96,Camp Nowhere,0,1994
7+,United States,Randal Kleiser,1,Adventure,Comedy,Family,Romance,Sci-Fi,0,16503,4.8,English,0,0,40%,89,Honey I Blew Up the Kid,0,1992
,United States,Ub Iwerks,Walt Disney,1,Animation,Short,Comedy,Family,Musical,0,16504,7.6,English,0,0,,8,Steamboat Willie,0,1928
all,United States,Steve Boyum,1,Action,Adventure,Family,0,16505,6.6,English,0,0,,110,Motocrossed,0,2001
all,Canada,United States,Phillip Borsos,1,Family,Fantasy,0,16506,6.5,English,0,0,47%,89,One Magic Christmas,0,1985
all,United States,Robert Butler,1,Comedy,Family,Sci-Fi,0,16507,6.1,English,0,0,50%,91,The Computer Wore Tennis Shoes,0,1969
all,United States,Mary Lambert,1,Adventure,Family,Fantasy,0,16508,6.5,English,0,0,,81,Halloweentown II: Kalabar's Revenge,0,2001
all,United States,United Kingdom,Kevin Lima,1,Adventure,Comedy,Family,0,16509,4.9,English,0,0,31%,100,102 Dalmatians,0,2000
all,United States,Canada,Michael Lembeck,1,Adventure,Comedy,Family,Fantasy,0,16510,4.7,English,0,0,17%,97,The Santa Clause 3: The Escape Clause,0,2006
all,United States,Jeffrey Hornaday,1,Family,Fantasy,Musical,0,16511,6.1,English,0,0,,104,Teen Beach 2,0,2015
all,United States,John Hough,1,Family,Adventure,Sci-Fi,Fantasy,0,16512,5.9,English,0,0,50%,95,Return from Witch Mountain,0,1978
7+,United States,Rosana Sullivan,1,Animation,Short,Drama,Family,0,16513,8,English,0,0,,9,Kitbull,0,2019
all,United States,Canada,Paul Hoen,1,Drama,Comedy,Family,0,16514,7.5,English,0,0,,112,Tru Confessions,0,2002
7+,United Kingdom,Byron Haskin,1,Adventure,Family,0,16515,6.9,English,0,0,,96,Treasure Island,0,1950
7+,United States,Joe Nussbaum,1,Comedy,Drama,Family,Romance,0,16516,5.4,English,0,0,36%,104,Prom,0,2011
all,United States,Carole Holliday,Matthew O'Callaghan,Theresa Cullen,1,Animation,Comedy,Family,Fantasy,0,16517,6.5,English,0,0,,68,Mickey's Twice Upon a Christmas,0,2004
all,United States,Kenneth Johnson,1,Adventure,Comedy,Family,Sci-Fi,0,16518,6.4,English,0,0,,97,Zenon: Girl of the 21st Century,0,1999
all,United States,Lee Tamahori,1,Action,Adventure,Drama,Thriller,0,16519,5.3,English,0,0,19%,117,The Wild,0,2006
all,United States,Mark A.Z. Dippé,1,Comedy,Family,Fantasy,0,16520,6.2,English,0,0,,82,Halloweentown High,0,2004
all,United Kingdom,United States,Gary Chapman,1,Animation,Adventure,Comedy,Family,War,0,16521,5.5,English,0,0,32%,76,Valiant,0,2005
7+,United Kingdom,United States,Norman Tokar,1,Adventure,Comedy,Drama,Family,0,16522,6.8,English,0,0,,101,Candleshoe,0,1977
7+,United States,Rob Minkoff,1,Comedy,Family,Fantasy,Horror,Mystery,0,16523,5,English,0,0,14%,99,The Haunted Mansion,0,2003
7+,United States,Stuart Gillard,1,Drama,Family,Fantasy,0,16524,5.8,English,0,0,,83,Twitches Too,0,2007
7+,United States,France,John Pasquin,1,Comedy,Family,0,16525,5.2,English,0,0,19%,105,Jungle 2 Jungle,0,1997
all,United States,Bruce Hendricks,1,Documentary,Music,0,16526,2.4,English,0,0,73%,74,Hannah Montana & Miley Cyrus: Best of Both Worlds Concert,0,2008
all,United States,Norman Tokar,1,Comedy,Family,0,16527,6.7,English,Japanese,0,0,,93,The Ugly Dachshund,0,1966
all,United States,Saul Blinkoff,Elliot M. Bour,1,Animation,Comedy,Family,Musical,Romance,0,16528,5.8,English,0,0,,75,Kronk's New Groove,0,2005
7+,United States,,1,Documentary,History,0,16529,7.6,English,0,0,,43,Marvel Studios: Assembling a Universe,0,2014
all,United States,LeVar Burton,1,Comedy,Drama,Family,Sci-Fi,0,16530,6.3,English,0,0,,82,Smart House,0,1999
all,United States,Canada,Larry Shaw,1,Comedy,Drama,Family,0,16531,5.5,English,0,0,,101,Cadet Kelly,0,2002
all,United States,Paul Hoen,1,Family,Musical,Romance,0,16532,6.3,English,0,0,,94,Z-O-M-B-I-E-S,0,2018
7+,United States,Peter Hewitt,1,Adventure,Comedy,Drama,Family,Romance,Western,0,16533,5.5,English,0,0,25%,97,Tom and Huck,0,1995
all,United States,Simon Wincer,1,Adventure,Family,Drama,0,16534,5.6,English,0,0,45%,50,Young Black Stallion,0,2003
all,United States,,1,Animation,Action,Adventure,Comedy,Family,Fantasy,Musical,0,16535,6.6,English,Czech,0,0,,21,Tangled: Before Ever After,0,2017
all,United States,Alfred L. Werker,Hamilton Luske,Jack Cutting,Ub Iwerks,Jack Kinney,1,Animation,Comedy,Family,0,16536,6.9,English,0,0,,74,The Reluctant Dragon,0,1941
all,United States,Tom Ellery,Bradley Raymond,1,Animation,Adventure,Drama,Family,Musical,Romance,0,16537,4.9,English,0,0,29%,72,Pocahontas II: Journey to a New World,0,1998
all,United States,Jeff Blyth,1,Adventure,Drama,Family,0,16538,6,English,0,0,50%,83,Cheetah,0,1989
all,United States,Stuart Gillard,1,Drama,Family,Fantasy,0,16539,5.7,English,0,0,,90,Avalon High,0,2011
all,United States,Jim Kammerud,1,Animation,Adventure,Comedy,Family,Musical,0,16540,5.3,English,0,0,20%,69,The Fox and the Hound 2,0,2006
7+,United States,Dean Cundey,1,Action,Adventure,Comedy,Family,Sci-Fi,0,16541,5,English,0,0,25%,74,Honey, We Shrunk Ourselves,0,1997
all,United States,Paul Hoen,1,Comedy,Family,Sci-Fi,0,16542,5.5,English,French,0,0,,90,How to Build a Better Boy,0,2014
all,United States,Australia,Steve Trenbirth,1,Animation,Adventure,Family,Musical,0,16543,5.4,English,0,0,19%,72,The Jungle Book 2,0,2003
all,United States,Paul Hoen,1,Adventure,Comedy,Drama,Family,Fantasy,Sport,0,16544,6.2,English,0,0,,86,The Luck of the Irish,0,2001
all,United States,John Lasseter,1,Animation,Short,Family,Fantasy,0,16545,6.5,English,0,0,,5,Tin Toy,0,1988
all,United States,David Jackson,1,Comedy,Family,Fantasy,0,16546,5.6,English,0,0,,88,Return to Halloweentown,0,2006
all,United States,Gary Katona,Ed Wexler,Jamie Mitchell,1,Animation,Comedy,Drama,Family,Fantasy,Musical,0,16547,6.8,English,0,0,,65,Winnie the Pooh: A Very Merry Pooh Year,0,2002
all,United States,Steve Boyum,1,Drama,Family,Sport,0,16548,6.3,English,0,0,,88,Johnny Tsunami,0,1999
all,United States,Hamish Hamilton,1,Family,Musical,0,16549,8.1,English,0,0,,,The Disney Family Singalong,0,2020
7+,United States,Kenneth Johnson,1,Family,Fantasy,0,16550,6.9,English,0,0,,100,Don't Look Under the Bed,0,1999
all,United States,Canada,Arlene Sanford,1,Comedy,Family,0,16551,5.5,English,0,0,23%,86,I'll Be Home for Christmas,0,1998
all,United States,Paul Hoen,1,Adventure,Comedy,Family,Fantasy,0,16552,6.1,English,0,0,,80,Invisible Sister,0,2015
7+,Germany,United States,Sara Sugarman,1,Comedy,Family,Music,Romance,0,16553,4.6,English,0,0,14%,89,Confessions of a Teenage Drama Queen,0,2004
all,United States,Robert Stevenson,1,Comedy,Family,Fantasy,0,16554,5.9,English,0,0,50%,91,The Shaggy D.A.,0,1976
all,United States,Lev L. Spiro,1,Adventure,Comedy,Family,Sci-Fi,0,16555,5.8,English,0,0,,98,Minutemen,0,2008
7+,Norway,Sweden,United States,Nils Gaup,1,Adventure,Family,0,16556,6.7,English,0,0,,92,Shipwrecked,0,1990
7+,United States,Angola,Botswana,Namibia,South Africa,Neil Gelinas,1,Documentary,0,16557,7.7,English,0,0,,88,Into the Okavango,0,2018
all,United States,Saul Blinkoff,Elliot M. Bour,1,Animation,Adventure,Comedy,Drama,Family,Musical,0,16558,6.5,English,Arabic,0,0,,65,Winnie the Pooh: Springtime with Roo,0,2004
7+,United States,James Hayman,1,Comedy,Fantasy,Romance,0,16559,6.3,English,0,0,,90,12 Dates of Christmas,0,2011
all,United States,Francine McDougall,1,Comedy,Family,Romance,0,16560,5.2,English,0,0,,90,Cow Belles,0,2006
all,United States,Robert C. Ramirez,Patrick A. Ventura,1,Animation,Adventure,Family,Fantasy,0,16561,6.3,Chinese,Mandarin,Japanese,Korean,French,English,0,0,40%,74,The Brave Little Toaster to the Rescue,0,1997
7+,United States,Rupert Wainwright,1,Comedy,Crime,Family,0,16562,5.3,English,0,0,9%,93,Blank Check,0,1994
all,United States,John Kafka,1,Animation,Family,Fantasy,Romance,0,16563,5,English,0,0,11%,73,Cinderella II: Dreams Come True,0,2002
all,United States,Duwayne Dunham,1,Comedy,Family,Fantasy,0,16564,6,English,0,0,,95,The Thirteenth Year,0,1999
all,United States,Robert Hughes,Sue Perrotto,1,Animation,Action,Comedy,Family,Musical,Sci-Fi,0,16565,8.2,English,Brazilian Sign Language,0,0,,51,Phineas and Ferb: Star Wars,0,2014
all,United States,Bob Kline,Cullen Blaine,Dale Case,Daniel de la Vega,Barbara Dourmaskin-Case,Rick Leon,Burt Medall,Mitch Rochon,1,Animation,Comedy,Family,Fantasy,Musical,Romance,0,16566,5.4,English,0,0,17%,92,Belle's Magical World,0,1998
all,United States,Norman Foster,1,Adventure,Comedy,Drama,Family,Western,0,16567,6.8,English,0,0,,81,Davy Crockett and the River Pirates,0,1956
all,United States,Sean McNamara,1,Adventure,Comedy,Crime,Drama,Family,Sci-Fi,0,16568,5.3,English,0,0,,79,The Suite Life Movie,0,2011
,United States,Valerie LaPointe,1,Animation,Short,Family,Fantasy,0,16569,6.7,English,0,0,,7,Lamp Life,0,2020
all,United States,Steve Loter,Victor Cook,Steve Loter,Don MacKinnon,Lisa Schaffer,1,Animation,Adventure,Family,0,16570,5.4,English,0,0,17%,75,Tarzan & Jane,0,2002
all,Canada,Erik Canuel,1,Adventure,Comedy,Family,0,16571,6,English,0,0,,87,Bad Hair Day,0,2015
7+,United States,Simon Wincer,1,Action,Adventure,Comedy,Drama,Family,War,0,16572,5.1,English,Vietnamese,0,0,31%,107,Operation Dumbo Drop,0,1995
7+,United Kingdom,Ken Annakin,1,Action,Adventure,Family,0,16573,6.7,English,0,0,,84,The Story of Robin Hood and His Merrie Men,0,1952
all,United States,Paul Hoen,1,Comedy,Drama,Family,0,16574,5.5,English,0,0,,84,Read It and Weep,0,2006
all,United States,James Algar,1,Family,Documentary,0,16575,7.5,English,0,0,,69,The Living Desert,0,1953
all,United States,Vincent McEveety,1,Adventure,Comedy,Family,Fantasy,0,16576,5,English,Spanish,0,0,40%,100,Herbie Goes Bananas,0,1980
all,,Allison Pregler,1,Comedy,0,16577,7.3,,0,0,,21,Mr. Boogedy,0,1986
all,United States,Duwayne Dunham,1,Biography,Drama,Family,Sport,0,16578,6.1,English,0,0,,120,Double Teamed,0,2002
all,United States,Robert C. Ramirez,Patrick A. Ventura,1,Animation,Adventure,Family,Sci-Fi,0,16579,5.7,English,0,0,40%,73,The Brave Little Toaster Goes to Mars,0,1998
7+,United States,David Mickey Evans,1,Family,Comedy,0,16580,5.2,English,0,0,23%,101,First Kid,0,1996
,United States,James Neilson,1,Action,Adventure,Comedy,Family,Romance,Western,0,16581,6.5,English,0,0,43%,108,The Adventures of Bullwhip Griffin,0,1967
all,United States,Bruce W. Smith,1,Animation,Adventure,Comedy,Family,Fantasy,Sci-Fi,0,16582,5.4,English,0,0,,90,The Proud Family Movie,0,2005
all,,Robert Hughes,Sue Perrotto,1,Animation,Action,Comedy,Family,Musical,Sci-Fi,0,16583,8.3,Brazilian Sign Language,0,0,,45,Phineas and Ferb: Mission Marvel,0,2013
all,United States,Francine McDougall,1,Comedy,Drama,Family,Sport,0,16584,5.7,English,0,0,,88,Go Figure,0,2005
all,United States,Savage Steve Holland,1,Comedy,Family,Music,0,16585,5.6,English,0,0,,76,Stuck in the Suburbs,0,2004
7+,United States,Paul Stodolny,Ricardo Curtis,Steve Martino,Mike Thurmeier,1,Animation,Short,Adventure,Comedy,Family,0,16586,5.9,English,0,0,,25,Ice Age: The Great Egg-Scapade,0,2016
all,United States,Roger Kumble,1,Adventure,Comedy,Drama,Family,0,16587,4.3,English,0,0,12%,83,College Road Trip,0,2008
7+,United States,Canada,Stuart Gillard,1,Action,Adventure,Comedy,Family,Fantasy,Sci-Fi,0,16588,5.5,English,0,0,,89,Girl vs. Monster,0,2012
all,United States,Stuart Gillard,1,Drama,Family,Sport,0,16589,6.8,English,0,0,,120,Going to the Mat,0,2004
all,United States,Duwayne Dunham,1,Biography,Drama,Family,0,16590,6.2,English,0,0,,89,Right on Track,0,2003
7+,United States,James Lapine,1,Comedy,Family,0,16591,5.6,English,0,0,25%,91,Life with Mikey,0,1993
all,United States,John Laing,1,Action,Adventure,Family,0,16592,5.4,English,Mandarin,Cantonese,0,0,,91,Wendy Wu: Homecoming Warrior,0,2006
7+,United States,Zak Knutson,1,Documentary,History,0,16593,7.3,English,0,0,,42,Marvel: 75 Years, From Pulp to Pop!,0,2014
all,United States,Don Bluth,1,Animation,Short,Family,0,16594,7.8,English,0,0,,26,The Small One,0,1978
all,United States,Canada,Blair Treu,1,Action,Comedy,Family,Mystery,0,16595,6.5,English,0,0,,89,Phantom of the Megaplex,0,2000
all,United States,Vincent McEveety,1,Comedy,Family,Western,0,16596,6.2,English,0,0,,88,The Apple Dumpling Gang Rides Again,0,1979
7+,Canada,United States,Steve Boyum,1,Comedy,Family,Fantasy,Horror,0,16597,5.9,English,0,0,,85,Mom's Got a Date with a Vampire,0,2000
all,United States,Victor Cook,Toby Shelton,Tad Stones,1,Animation,Action,Adventure,Comedy,Drama,Family,Fantasy,Sci-Fi,0,16598,5.1,Norwegian,English,0,0,,70,Atlantis: Milo's Return,0,2003
all,United States,Norman Tokar,1,Comedy,Family,0,16599,6.5,English,0,0,,93,Snowball Express,0,1972
all,Canada,Malaysia,United States,Jon Long,1,Documentary,Short,0,16600,6.1,English,0,0,58%,40,Sacred Planet,0,2004
all,United States,Bradley Raymond,1,Animation,Adventure,Comedy,Drama,Family,Musical,Romance,0,16601,4.7,English,0,0,30%,68,The Hunchback of Notre Dame II,0,2002
all,Australia,United States,Joyce Chopra,1,Drama,Family,Romance,0,16602,6.2,English,0,0,,87,Rip Girls,0,2000
7+,United States,Julia Reagan,1,Documentary,0,16603,7.4,English,0,0,,46,MARS: Inside SpaceX,0,2018
all,United States,New Zealand,Manny Coto,1,Comedy,Family,Adventure,Sci-Fi,0,16604,5.9,English,0,0,,100,Zenon: The Zequel,0,2001
all,United States,Panama,Mexico,Louie Schwartzberg,1,Documentary,Family,News,0,16605,7.4,English,0,0,,81,Wings of Life,0,2011
all,United States,Maggie Greenwald,1,Comedy,Crime,Family,Mystery,0,16606,5.1,English,0,0,,83,Get a Clue,0,2002
all,United States,Stuart Gillard,1,Comedy,Family,0,16607,5.4,English,0,0,,90,Hatching Pete,0,2009
,United States,Tom Jennings,1,History,0,16608,7.7,English,0,0,,94,Apollo: Missions to the Moon,0,2019
all,United States,Mark A.Z. Dippé,1,Family,Sci-Fi,Comedy,Fantasy,Music,0,16609,5.7,English,German,0,0,,85,Pixel Perfect,0,2004
all,United States,James Algar,1,Documentary,Family,0,16610,7.5,English,0,0,,71,The Vanishing Prairie,0,1954
all,United States,Canada,Rod Daniel,1,Drama,Family,Sport,0,16611,6.1,English,0,0,,103,Alley Cats Strike,0,2000
16+,United States,Steven K. Tsuchida,1,Comedy,Fantasy,0,16612,4.8,English,0,0,40%,81,Life-Size 2,0,2018
,United States,Eric Bross,1,Comedy,Drama,Family,Sport,0,16613,5.5,English,0,0,,90,Johnny Kapahala - Back on Board,0,2007
all,Australia,United States,Michael Lange,1,Family,Adventure,Comedy,Drama,0,16614,6.2,English,0,0,,93,Jumping Ship,0,2001
all,United States,Vincent McEveety,1,Comedy,Family,Sci-Fi,0,16615,5.9,English,0,0,17%,89,The Million Dollar Duck,0,1971
all,United States,Daisy von Scherler Mayer,1,Comedy,Drama,Family,0,16616,5,English,0,0,,87,Frenemies,0,2012
all,United States,Paul Hoen,1,Comedy,Family,Sport,0,16617,6,English,0,0,,110,Eddie's Million Dollar Cook Off,0,2003
,United States,Burt Gillett,1,Family,Animation,Short,Comedy,0,16618,6.8,English,0,0,,8,Babes in the Woods,0,1932
7+,United States,Louie Schwartzberg,1,Documentary,0,16619,5.1,English,0,0,50%,84,America's Heart and Soul,0,2004
7+,United States,Paul Hoen,1,Comedy,Family,Music,0,16620,6.7,English,0,0,,90,The Mistle-Tones,0,2012
all,United States,Greg Beeman,1,Drama,Family,Romance,0,16621,6.1,English,0,0,,88,A Ring of Endless Light,0,2002
all,Greece,Sotiris Tsafoulias,1,Crime,Drama,Mystery,Thriller,0,16622,6.1,Greek,French,0,0,,101,The Other Me,0,2000
all,United States,Andy Liotta,1,Documentary,0,16623,5.6,English,0,0,,80,Up, Up, and Away,0,2000
all,United States,Keith Scholey,Alastair Fothergill,1,Documentary,Family,0,16624,6.8,English,0,0,,77,Dolphin Reef,0,2018
all,United States,Vincent McEveety,1,Comedy,Family,Sport,0,16625,5.9,English,0,0,,96,Gus,0,1976
,United States,Steve Previn,1,Comedy,Family,Music,0,16626,6.7,English,0,0,,93,Almost Angels,0,1962
all,United States,Ramón Menéndez,1,Comedy,Drama,Family,0,16627,5.8,English,0,0,,78,Gotta Kick It Up!,0,2002
all,United States,James Algar,1,Family,Documentary,0,16628,7.2,English,0,0,,75,The African Lion,0,1955
all,United States,Greg Beeman,1,Drama,Family,0,16629,6.2,English,0,0,,92,Horse Sense,0,1999
7+,United States,Ron Lagomarsino,1,Comedy,Family,Fantasy,Romance,0,16630,6,English,0,0,,86,Snowglobe,0,2007
7+,United States,Ron Field,Dave Powers,1,Comedy,Family,Musical,Romance,0,16631,6.3,English,0,0,,90,Once Upon A Mattress,0,2005
all,United States,Bruce Hendricks,1,Documentary,Music,0,16632,1.6,English,0,0,24%,76,Jonas Brothers: The Concert Experience,0,2009
all,New Zealand,United States,Paul Hoen,1,Comedy,Family,Fantasy,Drama,0,16633,6.1,English,0,0,,84,You Wish!,0,2003
all,United States,Peter Hastings,1,Comedy,Family,Music,Musical,0,16634,4.1,English,0,0,29%,88,The Country Bears,0,2002
,United States,Ron de Moraes,1,Music,0,16635,7.4,English,0,0,,,A Celebration of the Music from Coco,0,2020
,United States,Vanessa Berlowitz,Tom Stephens,1,Documentary,Adventure,Family,0,16636,7.8,English,0,0,,85,In the Footsteps of Elephant,0,2020
,United States,Jack Hannah,1,Animation,Short,Comedy,Family,0,16637,7.5,English,0,0,,7,Out of Scale,0,1951
all,United States,Alex Zamm,1,Action,Comedy,Crime,Family,Sci-Fi,0,16638,3.4,English,0,0,40%,89,Inspector Gadget 2,0,2003
all,United States,Steve Rash,1,Adventure,Comedy,Family,Sci-Fi,0,16639,5.5,English,0,0,,81,Zenon: Z3,0,2004
,United States,Mark L. Taylor,1,Family,Romance,Sport,0,16640,5.4,English,0,0,,89,Den Brother,0,2010
all,United States,Greg Beeman,1,Biography,Comedy,Drama,Family,Sport,0,16641,6,English,0,0,,120,Miracle In Lane 2,0,2000
all,United States,France,Paul Haggis,1,Action,Crime,Drama,Romance,Thriller,0,16642,7.2,English,0,0,,133,Three Days,0,2001
,Canada,Simcha Jacobovici,1,Documentary,Adventure,Mystery,0,16643,6.6,English,0,0,,93,Atlantis Rising,0,2017
all,United States,Maurice Joyce,1,Animation,Adventure,Comedy,Drama,Family,Fantasy,Sci-Fi,0,16644,5,English,0,0,26%,77,Doug's 1st Movie,0,1999
all,United States,Vincent McEveety,1,Comedy,Family,Sci-Fi,0,16645,6.1,English,0,0,,92,The Strongest Man in the World,0,1975
7+,United States,Thomas C. Grane,1,Documentary,0,16646,7.2,English,0,0,,46,Titanic: 20 Years Later with James Cameron,0,2017
all,Canada,United States,Bill Corcoran,1,Comedy,Drama,Family,0,16647,5.7,English,0,0,,83,Quints,0,2000
7+,United States,Martin Desmond Roe,1,Documentary,0,16648,7.4,English,0,0,,55,Breaking2,0,2017
7+,United States,Charles Haid,1,Comedy,Family,0,16649,4.9,English,0,0,,84,Life Is Ruff,0,2005
7+,United States,James Algar,1,Documentary,Family,0,16650,7.5,English,0,0,,69,Jungle Cat,0,1959
,,Hasraf Dulull,1,Short,Fantasy,0,16651,6,English,German,0,0,,10,Under the Sea: A Descendants Story,0,2018
all,United States,Robert Vince,1,Adventure,Family,0,16652,4.9,English,0,0,,88,Santa Paws 2: The Santa Pups,0,2012
all,United States,Paul Hoen,1,Action,Adventure,Comedy,Crime,Family,0,16653,4.9,English,0,0,,84,Dadnapped,0,2009
all,United States,Oz Scott,1,Adventure,Drama,Family,0,16654,7.5,English,0,0,,93,Bride of Boogedy,0,1987
,United States,Peter McBride,1,Documentary,0,16655,7.5,English,0,0,,84,Into the Grand Canyon,0,2019
all,Canada,United States,Greg Beeman,1,Comedy,Family,0,16656,5.9,English,0,0,,85,The Ultimate Christmas Present,0,2000
,United States,Keith Scholey,1,Documentary,0,16657,7.5,English,French,0,0,,79,Diving with Dolphins,0,2020
7+,United States,Hungary,United Kingdom,Michael Gottlieb,1,Adventure,Comedy,Family,Fantasy,Romance,0,16658,4.7,English,0,0,5%,89,A Kid in King Arthur's Court,0,1995
,United States,Alfred Gimeno,1,Animation,Short,Action,Adventure,0,16659,4.6,English,0,0,,22,Marvel Rising: Chasing Ghosts,0,2019
all,United States,Robert Vince,1,Family,0,16660,4.2,,0,0,,81,Super Buddies,0,2013
7+,United States,Canada,William Dear,1,Family,Sport,0,16661,5,English,0,0,,96,The Sandlot: Heading Home,0,2007
,United States,Sol Choi,Alfred Gimeno,1,Animation,Short,Action,Sci-Fi,0,16662,4,English,0,0,,44,Marvel Rising: Heart of Iron,0,2019
all,China,Hong Kong,United States,Frankie Chung,1,Drama,Family,0,16663,5.1,Mandarin,English,0,0,,84,The Secret of the Magic Gourd,0,2007
all,United States,Howy Parkins,Chuck Sheetz,1,Animation,Comedy,Family,0,16664,6.7,English,0,0,,61,Recess: All Growed Down,0,2003
7+,United States,Stuart Gillard,1,Comedy,Family,Fantasy,Horror,0,16665,6.7,English,0,0,,100,The Scream Team,0,2002
all,United States,Paul Kenworthy,Ralph Wright,1,Adventure,Family,Fantasy,Romance,0,16666,6.7,English,0,0,,75,Perri,0,1957
,United States,Alastair Fothergill,Jeff Wilson,1,Documentary,Family,0,16667,6.9,English,French,0,0,,78,Penguins: Life on the Edge,0,2020
,United States,Clayton Cogswell,1,Documentary,0,16668,7.5,English,0,0,,23,High School Musical: The Musical: The Series: The Special,0,2019
all,United States,David Jackson,1,Family,0,16669,5.8,English,0,0,,89,Buffalo Dreams,0,2005
all,United States,Stuart Gillard,1,Drama,Family,Sport,0,16670,5.8,English,0,0,,90,Full-Court Miracle,0,2003
all,United States,Nick Castle,1,Comedy,Family,0,16671,5.4,English,0,0,,84,Twas the Night,0,2001
7+,United States,Australia,David Grossman,1,Adventure,Comedy,Family,0,16672,3.3,English,0,0,17%,87,George of the Jungle 2,0,2003
,United States,William Beaudine,Wilfred Jackson,1,Adventure,Drama,Family,0,16673,7.7,English,0,0,,50,The Plausible Impossible,0,1956
,United States,Ken Cameron,1,Adventure,Drama,Family,Fantasy,0,16674,7.1,English,0,0,,90,Miracle at Midnight,0,1998
7+,United States,Eric Radomski,Leo Riley,1,Animation,Action,Adventure,Family,Sci-Fi,0,16675,4.7,English,0,0,,71,Iron Man & Hulk: Heroes United,0,2013
all,United States,Steve Boyum,1,Comedy,Family,Sci-Fi,0,16676,5.9,English,0,0,,85,Stepsister from Planet Weird,0,2000
,United States,Mark Davis,1,Documentary,0,16677,8,English,0,0,,88,Expedition Mars,0,2016
7+,United States,Robert Stevenson,1,Comedy,Crime,Family,Thriller,0,16678,4.7,English,French,0,0,13%,116,That Darn Cat,0,1997
7+,United States,Norman Tokar,1,Drama,Family,0,16679,6.7,English,0,0,,131,Those Calloways,0,1965
,United States,Lewis R. Foster,Norman Foster,1,Adventure,Drama,Family,Romance,Western,0,16680,7.1,English,0,0,,91,The Sign of Zorro,0,1958
7+,United States,,1,Reality-TV,0,16681,6.9,English,0,0,,42,Decorating Disney: Holiday Magic,0,2017
all,United States,Vincent McEveety,1,Adventure,Family,Western,0,16682,6.2,English,0,0,,117,Treasure of Matecumbe,0,1976
all,Canada,United States,Alan Shapiro,1,Drama,Family,0,16683,6.4,English,0,0,,94,The Christmas Star,0,1986
,United Kingdom,Christopher Spencer,1,Documentary,History,0,16684,6.5,English,0,0,,92,Stonehenge: Decoded,0,2008
7+,United States,Chris Rutkowski,Eric Radomski,1,Animation,Short,Action,Adventure,0,16685,5.2,English,0,0,,21,Marvel Rising: Operation Shuri,0,2019
7+,United States,Peter Tewksbury,1,Comedy,Family,Drama,Crime,0,16686,6.2,English,0,0,,99,Emil and the Detectives,0,1964
,United States,Chris Rutkowski,1,Animation,Short,Action,Adventure,Family,0,16687,5,English,0,0,,22,Marvel Rising: Battle of the Bands,0,2019
7+,United States,Paul Michael Glaser,1,Comedy,Family,Fantasy,Musical,0,16688,3,English,0,0,6%,93,Kazaam,0,1996
7+,United States,Sol Choi,Eric Radomski,1,Animation,Action,Adventure,Sci-Fi,0,16689,5.3,English,0,0,,44,Marvel Rising: Playing with Fire,0,2019
,United States,James Algar,1,Documentary,Short,Family,0,16690,7.2,English,0,0,,33,Nature's Half Acre,0,1951
all,United States,New Zealand,Duwayne Dunham,1,Family,Sport,0,16691,5.3,English,0,0,,96,Ready to Run,0,2000
all,United States,Paul Schneider,1,Comedy,Family,Fantasy,Mystery,0,16692,4.7,English,0,0,,89,You Lucky Dog,0,1998
,United States,Ben Sharpsteen,1,Documentary,Short,Family,0,16693,6.7,English,0,0,,30,Water Birds,0,1952
,United Kingdom,Anthony Woodley,1,Drama,0,16694,8.1,English,0,0,,99,The Flood,0,2018
all,United States,Ralph Hemecker,1,Family,Sci-Fi,0,16695,5,English,0,0,,92,Skyrunners,0,2009
7+,United Kingdom,Duncan Singh,1,Documentary,0,16696,6.6,English,0,0,,,The Lost Tomb of Alexander the Great,0,2019
all,United Kingdom,Canada,United States,Wayne Abbott,Crispin Sadler,1,Documentary,0,16697,6.9,English,0,0,,47,Drain the Great Lakes,0,2011
,United States,,1,Reality-TV,0,16698,6.8,English,0,0,,63,Disney's Fairy Tale Weddings,0,2017
,United States,Sidney Beaumont,Michael Bonfiglio,1,Documentary,0,16699,6.9,English,0,0,,77,Paris to Pittsburgh,0,2018
all,United States,Jack Speirs,1,Adventure,Family,0,16700,6.5,English,0,0,,48,A Tale of Two Critters,0,1977
,United Kingdom,Canada,United States,Wayne Abbott,1,Documentary,0,16701,6.4,English,0,0,,46,Drain the Titanic,0,2016
all,United States,Mick Garris,1,Adventure,Drama,Family,0,16702,6.2,English,0,0,,46,Fuzzbucket,0,1986
all,China,Zhong Yu,1,Adventure,Family,0,16703,6.5,Mandarin,0,0,,87,Trail of the Panda,0,2009
,United States,Robert Strange,1,Documentary,0,16704,6.4,English,0,0,,46,Secrets of Christ's Tomb: Explorer Special,0,2017
all,United States,Norman Tokar,1,Adventure,Drama,Family,0,16705,6.7,English,0,0,,89,Sammy, the Way-Out Seal,0,1962
7+,United States,Steve Boyum,1,Comedy,Family,0,16706,4.1,English,0,0,7%,93,Meet the Deedles,0,1998
all,United States,Hollingsworth Morse,1,Family,Drama,Western,0,16707,6.5,English,0,0,,91,Justin Morgan Had a Horse,0,1972
all,United States,Vincent McEveety,1,Drama,Family,0,16708,5.7,English,0,0,,90,The Biscuit Eater,0,1972
,United States,Simon George,1,Drama,0,16709,6.7,English,0,0,,90,Miracle Landing on the Hudson,0,2013
,United States,James Algar,1,Documentary,Short,Family,0,16710,8,English,0,0,,32,Prowlers of the Everglades,0,1953
all,United States,Vincent McEveety,1,Comedy,Family,Western,0,16711,5.9,English,0,0,,91,The Castaway Cowboy,0,1974
all,United States,Wes Craven,1,Adventure,Drama,Family,0,16712,5.8,English,0,0,,45,Casebusters,0,1986
7+,United States,Daniel M. Smith,1,Documentary,0,16713,6.9,English,0,0,,60,Mission to the Sun,0,2018
,United States,Jobim Sampson,1,Documentary,0,16714,6.4,English,0,0,,44,Drain the Bermuda Triangle,0,2014
7+,United States,Mike Slee,1,History,0,16715,7,English,0,0,,44,Drain The Ocean: WWII,0,2016
all,United States,Neal Israel,1,Comedy,Drama,Family,0,16716,5.1,English,0,0,,91,Hounded,0,2001
all,United States,Charles L. Draper,1,Family,0,16717,6.9,English,0,0,,48,Yellowstone Cubs,0,1963
,United States,,1,Documentary,0,16718,7.3,English,0,0,,94,Kingdom of the Blue Whale,0,2009
,United Kingdom,David Bartlett,Sebastian Peiter,1,Documentary,Drama,History,0,16719,6.6,English,Swedish,German,0,0,,51,Viking Warrior Women,0,2019
,United States,Mike Gabriel,Eric Goldberg,1,Animation,Adventure,Drama,Family,Musical,Romance,0,16720,5.3,English,Algonquin,0,0,55%,81,Pocahontas,0,1995
,United States,Wayne Abbott,1,Documentary,0,16721,5.9,English,0,0,,47,Drain Alcatraz,0,2017
all,United States,Russ Mayberry,1,Comedy,Family,Adventure,Fantasy,Sci-Fi,0,16722,5.3,English,0,0,,93,The Spaceman and King Arthur,0,1979
all,United States,James Algar,1,Documentary,Family,0,16723,7.2,English,0,0,,70,Secrets of Life,0,1956
7+,United States,Larry Lansburgh,1,Family,0,16724,6.3,English,0,0,,89,Hacksaw,0,1971
7+,United States,Canada,Paul Schneider,1,Comedy,Family,Sci-Fi,0,16725,5,English,0,0,,90,Can of Worms,0,1999
,United States,Robert Stevenson,1,Adventure,Drama,Family,0,16726,6.1,English,0,0,,88,My Dog the Thief,0,1969
all,United States,John Murlowski,1,Comedy,Family,0,16727,4.1,English,0,0,,84,Richie Rich's Christmas Wish,0,1998
all,United States,Nick Marck,1,Adventure,Family,0,16728,4.2,English,0,0,,77,The Jungle Book: Mowgli's Story,0,1998
,United States,Keith Haskel,1,Documentary,0,16729,6.7,English,0,0,,,How Dogs Got Their Shapes,0,2016
,United Kingdom,Sophie Elwin-Harris,1,Documentary,0,16730,6.6,English,0,0,,47,Drain The Sunken Pirate City,0,2017
,United States,Jenny Kubo,1,Documentary,0,16731,6.8,English,0,0,,48,Bizarre Dinosaurs,0,2010
,United States,Glenn Weiss,1,Documentary,0,16732,5.5,English,0,0,,,Earth Live,0,2017
,United States,Gary Nelson,1,Adventure,Family,0,16733,6.2,English,0,0,,89,The Boy Who Talked to Badgers,0,1975
,United States,Robert Nixon,1,Documentary,0,16734,7.3,English,0,0,,48,Sea of Hope: America's Underwater Treasures,0,2017
,United States,Edward M. Abroms,1,Adventure,Drama,Family,0,16735,5.9,English,0,0,,60,Sultan And The Rock Star,0,1980
,India,,1,Documentary,0,16736,6.4,English,0,0,,,Secrets of the King Cobra,0,2010
,United States,Molly Hermann,1,Documentary,0,16737,6.5,English,0,0,,,Winged Seduction: Birds of Paradise,0,2012
all,United States,Bernard McEveety,1,Drama,Family,0,16738,6.2,English,0,0,,89,The Bears and I,0,1974
all,United States,Dereck Joubert,1,Adventure,Family,0,16739,5,English,0,0,,72,Whispers: An Elephant's Tale,0,2000
,United States,Bruce Bilson,1,Comedy,Family,Fantasy,Horror,0,16740,6.2,English,0,0,,120,The Ghosts of Buxley Hall,0,1980
7+,United States,Neal Israel,1,Comedy,Family,Sci-Fi,0,16741,4.7,English,0,0,,90,The Poof Point,0,2001
,United States,Neil Gelinas,1,Documentary,0,16742,5.7,English,0,0,,,Sharks of Lost Island,0,2013
,United States,Richard Slater-Jones,1,Documentary,0,16743,6.6,English,0,0,,,Man Among Cheetahs,0,2017
,United States,James Algar,1,Documentary,Short,Family,0,16744,,English,0,0,,32,In Beaver Valley,0,1950
7+,United States,Ron Clements,John Musker,1,Animation,Family,Fantasy,Musical,Romance,0,1762,4.2,English,French,1,0,20%,83,The Little Mermaid,0,2018
all,Canada,United States,Peter DeLuise,1,Comedy,Family,Fantasy,1,1777,5.1,English,1,0,,102,Zapped,0,2014
13+,United States,Jimmy Chin,Elizabeth Chai Vasarhelyi,1,Documentary,Adventure,Sport,1,3581,8.2,English,0,0,97%,100,Free Solo,0,2018
7+,United Kingdom,Ireland,Julian Jarrold,1,Biography,Drama,Romance,1,3680,7.8,English,0,0,98%,120,Jane,0,2017
,United States,France,Gary Trousdale,Kirk Wise,1,Animation,Drama,Family,Musical,Romance,1,3775,7.3,English,Latin,0,0,91%,91,The Hunchback of Notre Dame,0,1923
13+,United Kingdom,United States,Max Minghella,1,Drama,Music,1,3855,6.1,English,Polish,0,0,71%,93,Teen Spirit,0,2019
18+,United States,Vincent D'Onofrio,1,Biography,Drama,Western,1,3961,5.9,English,0,1,45%,100,The Kid,0,2019
13+,United States,Pete Docter,Ronnie Del Carmen,1,Animation,Adventure,Comedy,Drama,Family,Fantasy,1,4314,4.5,English,0,1,25%,95,Inside Out,0,2011
13+,United States,Joss Whedon,1,Action,Adventure,Sci-Fi,0,4439,8,English,Russian,Hindi,0,1,92%,143,The Avengers,0,2012
13+,United States,Kenneth Branagh,1,Action,Adventure,Fantasy,0,4455,7,English,0,1,77%,115,Thor,0,2011
13+,United States,Joe Johnston,1,Action,Adventure,Sci-Fi,0,4456,6.9,English,Norwegian,French,0,1,80%,124,Captain America: The First Avenger,0,2011
13+,United States,Jon Favreau,1,Action,Adventure,Sci-Fi,0,4463,7,English,French,Russian,0,1,73%,124,Iron Man 2,0,2010
7+,United States,Randal Kleiser,1,Adventure,Drama,0,483,6.9,English,1,0,88%,107,White Fang,0,2018
7+,United States,United Kingdom,Ridley Scott,1,Action,Adventure,Drama,History,0,5165,7.2,English,French,Ukrainian,0,1,100%,140,Robin Hood,0,1922
,United States,Germany,France,United Kingdom,Paul W.S. Anderson,1,Action,Adventure,Fantasy,History,Romance,Thriller,0,5399,7,English,0,1,100%,110,The Three Musketeers,0,1921
,United States,Edith Becker,Kevin Burns,1,Documentary,History,Sci-Fi,0,5402,8.3,English,0,1,,151,Empire of Dreams: The Story of the Star Wars Trilogy,0,2004
all,United States,United Kingdom,Kenneth Branagh,1,Drama,Family,Fantasy,Romance,0,6493,7.8,English,0,1,,105,Cinderella,0,1965
7+,United States,Michael Grossman,1,Comedy,Family,Music,Romance,0,6856,7,English,0,1,,90,Starstruck,0,1982
,United States,Gus Van Sant,1,Crime,Drama,Thriller,0,6961,7.1,English,German,0,1,,81,Elephant,0,1989
all,United States,Mark Dindal,1,Animation,Adventure,Comedy,Family,Fantasy,Sci-Fi,0,725,5.7,English,1,0,37%,81,Chicken Little,0,2005
7+,United States,Marc Lawrence,1,Comedy,Family,Fantasy,0,8573,5.9,English,0,1,57%,100,Noelle,0,2007
7+,United Kingdom,Don Chaffey,1,Adventure,0,9329,6.5,English,0,1,,93,The Prince and the Pauper,0,2000
13+,United States,United Kingdom,Australia,John Lee Hancock,1,Biography,Comedy,Drama,0,96,7.5,English,1,0,79%,125,Saving Mr. Banks,0,2013
,United States,Richard Fleischer,1,Adventure,Drama,Family,Fantasy,Sci-Fi,0,9803,5,English,0,1,,127,20,000 Leagues Under the Sea,0,1997
