13+,United States,United Kingdom,Christopher Nolan,0,Action,Crime,Drama,Thriller,1,3561,9,English,Mandarin,0,0,94%,152,The Dark Knight,0,2008
18+,United States,Martin Scorsese,0,Biography,Crime,Drama,1,3562,8.7,English,Italian,0,0,96%,146,GoodFellas,0,1990
18+,South Korea,Bong Joon Ho,0,Comedy,Drama,Thriller,1,3563,8.6,Korean,English,0,1,99%,132,Parasite,0,2019
18+,United States,Gus Van Sant,0,Drama,Romance,1,3564,8.3,English,0,0,97%,126,Good Will Hunting,0,1997
18+,United States,Frank Darabont,0,Crime,Drama,Fantasy,Mystery,1,3565,8.6,English,French,0,0,78%,189,The Green Mile,0,1999
13+,United States,United Kingdom,Christopher Nolan,0,Action,Adventure,1,3566,8.2,English,Mandarin,0,0,84%,140,Batman Begins,0,2005
7+,Japan,Isao Takahata,0,Animation,Drama,War,1,3567,8.5,Japanese,0,0,98%,89,Grave of the Fireflies,0,1988
18+,United States,Japan,Quentin Tarantino,0,Action,Crime,Thriller,1,3568,8.1,English,Japanese,French,0,0,85%,111,Kill Bill: Vol. 1,0,2003
18+,United States,Ruben Fleischer,0,Adventure,Comedy,Fantasy,Sci-Fi,1,3569,7.6,English,0,1,90%,88,Zombieland,0,2009
13+,United States,John Krasinski,0,Drama,Horror,Sci-Fi,1,3570,7.5,English,American Sign Language,0,1,95%,90,A Quiet Place,0,2018
18+,United States,Quentin Tarantino,0,Action,Crime,Thriller,1,3571,8,English,Cantonese,Mandarin,Spanish,0,0,84%,137,Kill Bill: Vol. 2,0,2004
18+,Sweden,Tomas Alfredson,0,Drama,Horror,Romance,1,3572,7.9,Swedish,Spanish,0,0,98%,114,Let the Right One In,0,2008
13+,United States,Ethan Coen,Joel Coen,0,Drama,Western,1,3573,7.6,English,0,1,96%,110,True Grit,0,2010
18+,Japan,Katsuhiro Ôtomo,0,Animation,Drama,Sci-Fi,Thriller,1,3574,8,Japanese,0,0,90%,124,Akira,0,1988
18+,United States,Jonathan Levine,0,Comedy,Drama,Romance,1,3575,7.6,English,0,0,93%,100,50/50,0,2011
13+,New Zealand,Taika Waititi,0,Adventure,Comedy,Drama,1,3576,7.9,English,0,0,96%,101,Hunt for the Wilderpeople,0,2016
7+,United States,Mike Nichols,0,Comedy,Drama,Romance,1,3577,8,English,0,0,86%,106,The Graduate,0,1967
18+,France,Céline Sciamma,0,Drama,Romance,1,3578,8.2,French,Italian,0,0,98%,122,Portrait of a Lady on Fire,0,2019
18+,United States,Rob Reiner,0,Drama,Thriller,1,3579,7.8,English,0,0,90%,107,Misery,0,1990
18+,United States,James Wan,0,Horror,Mystery,Thriller,1,3580,7.5,English,Latin,0,0,85%,112,The Conjuring,0,2013
18+,United States,Matt Ross,0,Comedy,Drama,1,3582,7.9,English,Esperanto,0,0,82%,118,Captain Fantastic,0,2016
18+,United Kingdom,United States,Qatar,Craig Gillespie,0,Biography,Comedy,Drama,Sport,1,3583,7.5,English,0,0,89%,119,I, Tonya,0,2017
18+,United States,Mel Brooks,0,Comedy,Western,1,3584,7.7,English,Yiddish,German,0,0,89%,93,Blazing Saddles,0,1974
18+,Japan,Hirokazu Koreeda,0,Crime,Drama,1,3585,8,Japanese,0,0,99%,121,Shoplifters,0,2018
18+,United States,Jason Reitman,0,Comedy,Drama,Romance,1,3586,7.4,English,0,1,91%,109,Up in the Air,0,2009
18+,United States,Drew Goddard,0,Horror,1,3587,7,English,Japanese,0,1,92%,95,The Cabin in the Woods,0,2012
7+,United States,Japan,Dean DeBlois,0,Animation,Action,Adventure,Family,Fantasy,1,3588,7.5,English,0,0,91%,104,How to Train Your Dragon: The Hidden World,0,2019
7+,United States,Don Siegel,0,Biography,Crime,Drama,Thriller,1,3589,7.6,English,0,1,96%,112,Escape from Alcatraz,0,1979
7+,United States,Nicholas Meyer,0,Action,Adventure,Sci-Fi,1,3590,7.7,English,0,1,87%,113,Star Trek II: The Wrath of Khan,0,1982
all,United States,Todd Douglas Miller,0,Documentary,History,1,3591,8.2,English,0,0,99%,93,Apollo 11,0,2019
18+,United States,Olivia Wilde,0,Comedy,1,3592,7.2,English,Mandarin,Spanish,0,0,97%,102,Booksmart,0,2019
13+,United States,J.J. Abrams,0,Mystery,Sci-Fi,Thriller,1,3593,7,English,0,1,81%,112,Super 8,0,2011
13+,United States,China,France,Norway,United Kingdom,Christopher McQuarrie,0,Action,Adventure,Thriller,1,3594,7.7,English,French,0,1,97%,147,Mission: Impossible - Fallout,0,2018
7+,United States,United Kingdom,James Ward Byrkit,0,Drama,Horror,Mystery,Sci-Fi,Thriller,1,3595,7.2,English,0,1,88%,89,Coherence,0,2013
18+,United Kingdom,United States,Alex Garland,0,Adventure,Drama,Horror,Mystery,Sci-Fi,Thriller,1,3596,6.9,English,0,1,88%,115,Annihilation,0,2018
18+,United States,Michael Lehmann,0,Comedy,Crime,1,3597,7.2,English,0,1,93%,103,Heathers,0,1989
18+,United Kingdom,Neil Marshall,0,Adventure,Horror,Thriller,1,3598,7.2,English,0,1,85%,99,The Descent,0,2005
18+,Denmark,Gustav Möller,0,Crime,Drama,Thriller,1,3599,7.5,Danish,0,1,97%,85,The Guilty,0,2018
13+,United Kingdom,United States,Mexico,Stephen Merchant,0,Biography,Comedy,Drama,Sport,1,3600,7.1,English,0,1,93%,108,Fighting with My Family,0,2019
13+,China,United States,Travis Knight,0,Action,Adventure,Sci-Fi,1,3601,6.8,English,0,1,91%,114,Bumblebee,0,2018
7+,United States,Gore Verbinski,0,Animation,Adventure,Comedy,Family,Western,1,3602,7.2,English,0,1,88%,107,Rango,0,2011
13+,United States,Sean Anders,0,Comedy,Drama,1,3603,7.3,English,Spanish,0,1,81%,118,Instant Family,0,2018
18+,Japan,United Kingdom,Takashi Miike,0,Action,Adventure,Drama,1,3604,7.6,Japanese,0,0,95%,141,13 Assassins,0,2010
18+,South Korea,Bong Joon Ho,0,Action,Drama,Horror,Sci-Fi,1,3605,7.1,Korean,English,0,0,93%,120,The Host,0,2006
18+,Spain,Pedro Almodóvar,0,Comedy,Drama,1,3606,7.6,Spanish,0,0,91%,121,Volver,0,2006
18+,United Kingdom,United States,Lynne Ramsay,0,Drama,Mystery,Thriller,1,3607,7.5,English,0,1,75%,112,We Need to Talk About Kevin,0,2011
18+,United Kingdom,United States,Matt Reeves,0,Drama,Fantasy,Horror,Mystery,Thriller,1,3608,7.1,English,0,0,88%,116,Let Me In,0,2010
13+,United Kingdom,Tim Wardle,0,Documentary,Biography,Drama,History,Mystery,1,3609,7.7,English,0,0,97%,96,Three Identical Strangers,0,2018
18+,Canada,United States,Paul Feig,0,Comedy,Crime,Drama,Mystery,Thriller,1,3610,6.8,English,0,1,85%,117,A Simple Favor,0,2018
13+,United States,Steven Caple Jr.,0,Drama,Sport,1,3611,7.1,English,Russian,Sign Languages,0,1,84%,130,Creed II,0,2018
13+,Poland,United Kingdom,United States,Switzerland,Netherlands,Dorota Kobiela,Hugh Welchman,0,Animation,Biography,Crime,Drama,Family,Mystery,1,3612,7.8,English,0,0,85%,94,Loving Vincent,0,2017
7+,United States,Tom McGrath,0,Animation,Action,Comedy,Family,Sci-Fi,1,3613,7.2,English,0,0,72%,95,Megamind,0,2010
,Republic of North Macedonia,Tamara Kotevska,Ljubomir Stefanov,0,Documentary,Drama,1,3614,8,Turkish,Macedonian,Serbo-Croatian,Bosnian,0,0,100%,89,Honeyland,0,2019
18+,United Kingdom,United States,Peter Cattaneo,0,Comedy,Drama,1,3615,7.2,English,0,0,96%,91,The Full Monty,0,1997
7+,China,United States,Japan,Jill Culton,Todd Wilderman,0,Animation,Adventure,Comedy,Family,Fantasy,1,3616,7,English,Mandarin,0,1,81%,97,Abominable,0,2019
13+,South Korea,Hong-jin Na,0,Action,Crime,Thriller,1,3617,7.9,Korean,0,0,82%,125,The Chaser,0,2008
18+,Australia,United States,United Kingdom,India,Singapore,Anthony Maras,0,Action,Drama,History,Thriller,1,3618,7.6,English,0,0,76%,123,Hotel Mumbai,0,2018
13+,Japan,Hirokazu Koreeda,0,Drama,1,3619,8.1,Japanese,0,0,93%,141,Nobody Knows,0,2004
18+,Japan,Yoshiaki Kawajiri,0,Animation,Action,Adventure,Fantasy,Thriller,1,3620,7.9,Japanese,0,0,93%,94,Ninja Scroll,0,1993
all,United Kingdom,United States,France,Peter Lord,Nick Park,0,Animation,Adventure,Comedy,Drama,Family,1,3621,7,English,0,0,97%,84,Chicken Run,0,2000
18+,United States,Doug Liman,0,Comedy,Drama,1,3622,7.2,English,0,0,87%,96,Swingers,0,1996
7+,United States,Robert Kenner,0,Documentary,News,1,3623,7.8,English,0,0,95%,94,Food, Inc.,0,2008
,Colombia,Venezuela,Argentina,Ciro Guerra,0,Adventure,Drama,1,3624,7.9,Spanish,Portuguese,Aboriginal,German,Catalan,Latin,English,0,1,96%,125,Embrace of the Serpent,0,2015
18+,Denmark,Sweden,France,Germany,Lars von Trier,0,Drama,Sci-Fi,1,3625,7.2,English,0,0,80%,135,Melancholia,0,2011
18+,United States,Bing Liu,0,Documentary,1,3626,8.1,English,0,0,100%,93,Minding the Gap,0,2019
18+,Brazil,Anna Muylaert,0,Comedy,Drama,1,3627,7.8,Portuguese,0,1,97%,112,The Second Mother,0,2015
18+,United Kingdom,Richard Eyre,0,Crime,Drama,Romance,Thriller,1,3628,7.4,English,French,0,0,87%,92,Notes on a Scandal,0,2006
7+,United States,Nicholas Meyer,0,Action,Adventure,Sci-Fi,Thriller,1,3629,7.2,English,Klingon,0,1,82%,110,Star Trek VI: The Undiscovered Country,0,1991
13+,United States,Bill Pohlad,0,Biography,Drama,Music,1,3630,7.4,English,0,1,90%,121,Love & Mercy,0,2015
,South Korea,Hun Jang,0,Action,Drama,History,1,3631,7.8,Korean,German,English,Japanese,0,0,96%,137,A Taxi Driver,0,2017
7+,United States,Brenda Chapman,Steve Hickner,Simon Wells,0,Animation,Adventure,Drama,Family,Fantasy,Musical,1,3632,7.1,English,Hebrew,0,0,80%,99,The Prince of Egypt,0,1998
18+,New Zealand,David Farrier,Dylan Reeve,0,Documentary,Mystery,1,3633,7.6,English,0,0,94%,92,Tickled,0,2016
18+,United States,Boots Riley,0,Comedy,Fantasy,Sci-Fi,1,3634,6.9,English,0,0,93%,112,Sorry to Bother You,0,2018
13+,United States,Gavin O'Connor,0,Drama,Sport,1,3635,7.3,English,0,1,74%,108,The Way Back,0,2010
18+,United States,Kathryn Bigelow,0,Crime,Drama,History,Thriller,1,3636,7.3,English,0,0,83%,143,Detroit,0,2017
18+,United States,Paul Brickman,0,Comedy,Crime,Drama,Romance,1,3637,6.8,English,German,0,0,92%,99,Risky Business,0,1983
7+,United States,John Chester,0,Documentary,1,3638,8.1,English,0,0,91%,91,The Biggest Little Farm,0,2019
,United States,John Carroll Lynch,0,Comedy,Drama,Western,1,3639,7.3,English,Spanish,0,1,97%,88,Lucky,0,2017
18+,Sweden,Denmark,Ali Abbasi,0,Crime,Drama,Fantasy,Romance,Thriller,1,3640,7,Swedish,English,0,0,97%,110,Border,0,2018
18+,United States,Oliver Stone,0,Action,Crime,Drama,1,3641,7.3,English,Navajo,Japanese,0,0,47%,118,Natural Born Killers,0,1994
18+,United States,Barry Jenkins,0,Drama,Romance,1,3642,7.1,English,Spanish,0,0,95%,119,If Beale Street Could Talk,0,2018
all,United States,Jimmy Hayward,Steve Martino,0,Animation,Adventure,Comedy,Family,Fantasy,1,3643,6.8,English,0,0,79%,86,Horton Hears a Who!,0,2008
7+,Mexico,United States,Robert Zemeckis,0,Action,Adventure,Comedy,Romance,1,3644,6.9,English,Spanish,French,0,0,84%,106,Romancing the Stone,0,1984
,United States,United Kingdom,Ron Howard,0,Documentary,Music,1,3645,7.8,English,0,0,96%,106,The Beatles: Eight Days a Week - The Touring Years,0,2016
18+,United States,Joel Schumacher,0,Crime,Thriller,1,3646,7,English,Swahili,0,0,72%,81,Phone Booth,0,2002
18+,United States,United Kingdom,Bill Condon,0,Biography,Drama,1,3647,7.4,English,Hungarian,0,0,95%,105,Gods and Monsters,0,1998
18+,United States,Nat Faxon,Jim Rash,0,Comedy,Drama,1,3648,7.3,English,0,0,94%,86,Force Majeure,0,2014
13+,Iran,France,Iraq,Bahman Ghobadi,0,Drama,War,1,3649,8.1,Kurdish,Arabic,English,0,0,88%,98,Turtles Can Fly,0,2005
,Norway,France,Denmark,Sweden,Joachim Trier,0,Drama,Fantasy,Horror,Mystery,Romance,Thriller,1,3650,7,Norwegian,Swedish,0,0,93%,116,Thelma,0,2017
18+,France,Spain,Romania,Belgium,United States,Jacques Audiard,0,Crime,Drama,Western,1,3651,7,English,0,0,87%,122,The Sisters Brothers,0,2018
18+,United States,Sean Baker,0,Comedy,Crime,Drama,1,3652,7.1,English,Armenian,0,0,96%,88,Tangerine,0,2015
18+,Colombia,Argentina,Netherlands,Germany,Sweden,Uruguay,United States,Switzerland,Denmark,France,Alejandro Landes,0,Adventure,Drama,Thriller,1,3653,7.1,Spanish,English,0,0,92%,102,Monos,0,2019
18+,Australia,Jennifer Kent,0,Adventure,Drama,Thriller,1,3654,7.3,English,Irish,Aboriginal,0,0,86%,136,The Nightingale,0,2019
all,France,Robin Campillo,0,Drama,1,3655,7.4,French,0,0,98%,143,BPM (Beats per Minute),0,2017
13+,United Kingdom,Germany,United States,Gurinder Chadha,0,Comedy,Drama,Romance,Sport,1,3656,6.6,English,Punjabi,Hindi,German,0,0,85%,112,Bend It Like Beckham,0,2002
,United States,Martin Ritt,0,Drama,Western,1,3657,7.8,English,0,1,82%,112,Hud,0,1963
18+,United States,,0,Comedy,1,3658,7.2,English,0,0,66%,28,Vice,0,2018
18+,United States,Albert Hughes,Allen Hughes,0,Action,Adventure,Drama,Thriller,1,3659,6.9,English,0,0,47%,118,The Book of Eli,0,2010
,Norway,Harald Zwart,0,Drama,History,Thriller,War,1,3660,7.4,Norwegian,German,English,Saami,0,0,86%,135,The 12th Man,0,2017
18+,United States,Oren Moverman,0,Drama,Romance,War,1,3661,7.1,English,Spanish,0,1,89%,113,The Messenger,0,2009
18+,United States,Matthew Heineman,0,Documentary,News,1,3662,7.4,English,Spanish,0,1,90%,100,Cartel Land,0,2015
18+,United States,Angela Robinson,0,Biography,Drama,1,3663,7.1,English,0,0,86%,108,Professor Marston and the Wonder Women,0,2017
13+,United Kingdom,Morgan Matthews,0,Drama,Romance,1,3664,7.1,English,Mandarin,0,1,87%,111,A Brilliant Young Mind,0,2014
7+,United States,Eric Darnell,Tim Johnson,0,Animation,Adventure,Comedy,Family,1,3665,6.5,English,0,0,93%,83,Antz,0,1998
13+,United States,France,Paul Haggis,0,Action,Crime,Drama,Romance,Thriller,1,3666,7.4,English,0,1,51%,133,The Next Three Days,0,2010
13+,United States,Gabriela Cowperthwaite,0,Biography,Drama,War,1,3667,7.1,English,Arabic,0,0,87%,116,Megan Leavey,0,2017
13+,United States,Heidi Ewing,Rachel Grady,0,Documentary,1,3668,7.4,English,0,0,87%,84,Jesus Camp,0,2006
7+,United States,Julie Cohen,Betsy West,0,Documentary,Biography,1,3669,7.5,English,Italian,German,French,0,0,94%,98,RBG,0,2018
18+,United Kingdom,United States,Canada,Tom Harper,0,Comedy,Drama,Music,1,3670,7.2,English,0,0,92%,101,Wild Rose,0,2019
18+,United States,Germany,Bill Condon,0,Biography,Drama,Romance,1,3671,7,English,0,0,90%,118,Kinsey,0,2004
18+,United States,Marco Brambilla,0,Action,Sci-Fi,Thriller,1,3672,6.7,English,0,0,59%,115,Demolition Man,0,1993
all,United States,Kelly Asbury,Lorna Cook,0,Animation,Adventure,Drama,Family,Western,1,3673,7.1,English,0,0,70%,83,Spirit: Stallion of the Cimarron,0,2002
18+,South Korea,Jee-woon Kim,0,Action,Adventure,Comedy,Western,1,3674,7.3,Korean,Mandarin,Japanese,0,0,82%,139,The Good, The Bad, The Weird,0,2008
7+,United States,Davis Guggenheim,0,Documentary,1,3675,7.5,English,0,1,90%,111,Waiting for "Superman",0,2010
18+,United States,Craig Johnson,0,Comedy,Drama,Romance,1,3676,6.8,English,0,1,87%,93,The Skeleton Twins,0,2014
7+,United States,Andrew Erwin,Jon Erwin,0,Biography,Drama,Family,Music,1,3677,7.3,English,0,1,61%,110,I Can Only Imagine,0,2018
,Iceland,France,Ukraine,Benedikt Erlingsson,0,Adventure,Comedy,Drama,1,3678,7.4,Icelandic,English,Ukrainian,Chinese,Spanish,0,0,97%,101,Woman at War,0,2018
,United States,Nicholas Ray,0,Drama,Western,1,3679,7.7,English,0,1,93%,110,Johnny Guitar,0,1954
7+,United States,Gil Kenan,0,Animation,Adventure,Comedy,Family,Fantasy,Mystery,1,3681,6.6,English,0,0,75%,91,Monster House,0,2006
18+,United States,Penny Lane,0,Documentary,1,3682,7.3,English,0,0,96%,95,Hail Satan?,0,2019
18+,United States,Matt Spicer,0,Comedy,Drama,1,3683,6.6,English,0,0,86%,98,Ingrid Goes West,0,2017
,Italy,France,Matteo Garrone,0,Crime,Drama,Thriller,1,3684,7.2,Italian,0,0,83%,103,Dogman,0,2018
18+,Czech Republic,United Kingdom,United States,France,Sean Ellis,0,Action,Biography,Drama,History,Romance,Thriller,War,1,3685,7.2,English,Czech,German,0,0,66%,120,Anthropoid,0,2016
7+,Canada,United States,Chris Butler,0,Animation,Adventure,Comedy,Family,Fantasy,1,3686,6.7,English,Spanish,Tibetan,0,0,89%,93,Missing Link,0,2019
7+,United States,Leonard Nimoy,0,Action,Adventure,Sci-Fi,1,3687,6.7,English,Klingon,Russian,French,0,1,80%,105,Star Trek III: The Search for Spock,0,1984
18+,United Kingdom,Sean Ellis,0,Comedy,Drama,Romance,1,3688,7.2,English,Spanish,0,0,46%,102,Cashback,0,2006
18+,United States,United Kingdom,Jesse Peretz,0,Comedy,Drama,Music,Romance,1,3689,6.6,English,0,1,83%,97,Juliet, Naked,0,2018
,Denmark,Germany,Sweden,Mikkel Nørgaard,0,Crime,Mystery,Thriller,1,3690,7.1,Danish,English,French,0,0,92%,119,The Absent One,0,2014
18+,United States,Jason Orley,0,Comedy,1,3691,7,English,0,0,84%,91,Big Time Adolescence,0,2020
13+,United States,Peter Segal,0,Action,Adventure,Comedy,1,3692,6.5,English,Russian,Punjabi,Arabic,0,0,50%,110,Get Smart,0,2008
7+,United States,Roger Ross Williams,0,Documentary,Comedy,Drama,Family,Fantasy,Romance,1,3693,7.5,English,0,0,94%,92,Life, Animated,0,2016
,United States,Allan Dwan,0,Action,Drama,Romance,War,1,3694,7.1,English,0,0,100%,100,Sands of Iwo Jima,0,1949
18+,United States,William Friedkin,0,Crime,Drama,Thriller,1,3695,6.7,English,0,0,79%,102,Killer Joe,0,2011
13+,Japan,Tomohiko Itô,0,Animation,Action,Adventure,Fantasy,Sci-Fi,1,3696,7.4,Japanese,0,0,100%,119,Sword Art Online: The Movie - Ordinal Scale,0,2017
18+,United States,Gille Klabin,0,Sci-Fi,Thriller,1,3697,6.7,English,0,0,83%,90,The Wave,0,2015
18+,Canada,United States,Spain,South Korea,Nacho Vigalondo,0,Comedy,Drama,Fantasy,Sci-Fi,Thriller,1,3698,6.2,English,Korean,0,0,81%,109,Colossal,0,2016
18+,United States,Julius Onah,0,Drama,Mystery,1,3699,6.7,English,0,0,91%,109,Luce,0,2019
18+,United States,Mike Flanagan,0,Horror,Mystery,1,3700,6.5,English,0,0,75%,104,Oculus,0,2014
7+,United States,Paul Justman,0,Documentary,Music,1,3701,7.8,English,0,1,91%,108,Standing in the Shadows of Motown,0,2002
18+,Sweden,Denmark,Finland,Janus Metz,0,Biography,Drama,Sport,1,3702,6.9,English,Swedish,French,Spanish,German,0,0,84%,107,Borg vs McEnroe,0,2017
13+,United Kingdom,United States,Mick Jackson,0,Biography,Drama,1,3703,6.7,English,German,Hebrew,0,0,82%,109,Denial,0,2016
18+,United States,Robert Gordon,Morgan Neville,0,Documentary,Biography,History,1,3704,7.6,English,0,0,93%,87,Best of Enemies,0,2015
13+,Canada,Christopher Caldwell,Zeek Earl,0,Drama,Sci-Fi,Thriller,Western,1,3705,6.2,English,0,0,89%,100,Prospect,0,2018
18+,United States,Poland,Nicholas Jarecki,0,Drama,Thriller,1,3706,6.6,English,0,1,88%,107,Arbitrage,0,2012
,United States,Jeff Chan,Andrew Rhymer,0,Comedy,Drama,Romance,1,3707,6.6,English,0,0,89%,98,Plus One,0,2019
13+,United States,Jack Bryan,0,Documentary,1,3708,7.9,English,0,0,80%,109,Active Measures,0,2018
all,United States,United Kingdom,Michael Apted,0,Biography,Drama,History,Romance,1,3709,7.5,English,0,0,99%,118,Amazing Grace,0,2018
18+,United States,Riley Stearns,0,Comedy,Crime,Drama,Mystery,Thriller,1,3710,6.7,English,French,German,0,0,84%,104,The Art of Self-Defense,0,2019
13+,United States,Duncan Skiles,0,Crime,Drama,Mystery,Thriller,1,3711,6.5,English,0,0,78%,109,The Clovehitch Killer,0,2018
18+,Finland,Norway,France,Sweden,Jalmari Helander,0,Adventure,Fantasy,Horror,1,3712,6.7,Finnish,English,0,1,89%,84,Rare Exports: A Christmas Tale,0,2010
,France,Poland,Roman Polanski,0,Drama,1,3713,7.2,French,German,0,0,89%,96,Venus in Fur,0,2013
18+,United States,Jeff Tremaine,0,Documentary,Action,Comedy,1,3714,7,English,0,1,65%,95,Jackass 3D,0,2010
13+,United States,Belgium,Denmark,United Kingdom,Sweden,China,Anders Walter,0,Drama,Fantasy,Thriller,1,3715,6.2,English,0,0,77%,106,I Kill Giants,0,2018
7+,United States,Netherlands,United Kingdom,Denmark,Lauren Greenfield,0,Documentary,1,3716,7.1,French,English,0,0,95%,100,The Queen of Versailles,0,2012
18+,France,Germany,Julie Delpy,0,Comedy,Drama,Romance,1,3717,6.8,English,French,0,1,87%,96,2 Days in Paris,0,2007
7+,United States,Phil Karlson,0,Action,Adventure,Comedy,Crime,Drama,Thriller,1,3718,7.6,English,0,0,94%,105,The Wrecking Crew,0,2008
,South Korea,Byung-gil Jung,0,Action,Thriller,1,3719,6.7,Korean,0,0,84%,124,The Villainess,0,2017
13+,United States,Sebastián Cordero,0,Drama,Mystery,Sci-Fi,Thriller,1,3720,6.4,English,Russian,Chinese,0,0,81%,90,Europa Report,0,2013
18+,United States,Wayne Kramer,0,Drama,Romance,1,3721,6.9,English,0,1,77%,101,The Cooler,0,2003
18+,Germany,France,Fatih Akin,0,Crime,Drama,Thriller,1,3722,7.1,German,Greek,English,Turkish,0,0,77%,106,In the Fade,0,2017
7+,United States,Bibo Bergeron,Don Paul,Jeffrey Katzenberg,0,Animation,Adventure,Comedy,Family,Romance,1,3723,6.9,English,0,0,48%,89,The Road to El Dorado,0,2000
18+,United States,John Carpenter,0,Horror,Thriller,1,3724,6.9,English,0,0,88%,110,Christine,0,2016
13+,United States,Brett Haley,0,Comedy,Drama,Music,1,3725,6.9,English,0,0,91%,97,Hearts Beat Loud,0,2018
18+,United States,,0,Comedy,1,3726,7.3,English,0,0,88%,30,Whitney,0,2018
18+,Australia,United States,Kim Farrant,0,Drama,Mystery,Thriller,1,3727,6.5,English,0,0,71%,98,Angel of Mine,0,2019
,Australia,Ben Young,0,Crime,Drama,Thriller,1,3728,6.5,English,0,0,88%,108,Hounds of Love,0,2016
13+,United States,Edward Zwick,0,Biography,Drama,Sport,Thriller,1,3729,7,English,Russian,0,0,72%,115,Pawn Sacrifice,0,2015
13+,United States,Michael Bay,0,Action,Adventure,Sci-Fi,1,3730,6.2,English,0,1,35%,154,Transformers: Dark of the Moon,0,2011
18+,United States,Peter Hedges,0,Drama,1,3731,6.7,English,0,0,82%,103,Ben Is Back,0,2018
13+,United States,Stephen Surjik,0,Comedy,Music,1,3732,6.2,English,Cantonese,0,1,61%,95,Wayne's World 2,0,1993
18+,United States,United Kingdom,Ivan Reitman,0,Comedy,Romance,1,3733,6.2,English,Ukrainian,0,1,49%,108,No Strings Attached,0,2011
7+,South Korea,Yong-hwa Kim,0,Action,Drama,Fantasy,1,3734,7.3,Korean,0,0,63%,139,Along with the Gods: The Two Worlds,0,2017
,France,François Ozon,0,Drama,Romance,1,3735,6.7,French,German,0,0,73%,95,Young & Beautiful,0,2013
7+,United Kingdom,United States,Peter Lord,Jeff Newitt,0,Animation,Adventure,Comedy,Family,1,3736,6.7,English,0,0,86%,88,The Pirates! In an Adventure with Scientists!,0,2012
13+,United States,Werner Herzog,0,Documentary,1,3737,7,English,0,0,93%,98,Lo and Behold: Reveries of the Connected World,0,2016
13+,United States,Chris Weitz,0,Biography,Drama,History,Thriller,War,1,3738,6.6,English,Spanish,French,German,0,1,60%,122,Operation Finale,0,2018
,United States,Alexandre O. Philippe,0,Documentary,1,3739,7.3,English,0,0,89%,91,78/52,0,2017
18+,United States,Edward Zwick,0,Biography,Drama,History,War,1,3740,6.8,English,0,0,99%,122,Gloria,0,2013
,United States,Stephen Cone,0,Drama,Romance,1,3741,6.7,English,0,0,94%,96,Princess Cyd,0,2017
18+,United States,Mike P. Nelson,0,Action,Horror,Sci-Fi,Thriller,1,3742,5.7,English,0,1,100%,95,The Domestics,0,2018
,United States,Steve Jones,Todd Jones,0,Documentary,1,3743,8.3,English,0,1,100%,100,Andy Irons: Kissed by God,0,2018
,Ireland,United Kingdom,Julien Temple,0,Documentary,Biography,Music,1,3744,7.6,English,0,0,89%,124,Joe Strummer: The Future Is Unwritten,0,2007
13+,China,France,United States,Jaume Collet-Serra,0,Action,Mystery,Thriller,1,3745,6.3,English,Spanish,0,1,56%,105,The Commuter,0,2018
,United States,Rick Rowley,0,Documentary,Crime,Mystery,News,War,1,3746,7.5,English,Pushto,Somali,Dari,Arabic,0,0,85%,87,Dirty Wars,0,2013
18+,United States,George Tillman Jr.,0,Comedy,Drama,1,3747,7,English,0,0,81%,115,Soul Food,0,1997
13+,Argentina,Spain,Germany,Gustavo Taretto,0,Comedy,Drama,1,3748,7.5,Spanish,French,English,Italian,German,0,0,67%,95,Sidewalls,0,2011
,United States,Julia Hart,0,Comedy,Drama,1,3749,6.6,English,0,0,91%,86,Miss Stevens,0,2016
13+,United States,Craig Brewer,0,Comedy,Drama,Music,Romance,1,3750,5.9,English,0,1,69%,113,Footloose,0,2011
all,United States,Germany,Australia,Gary Winick,0,Comedy,Family,Fantasy,1,3751,6.9,English,0,1,76%,97,Charlotte's Web,0,1973
18+,United Kingdom,United States,Lewis Gilbert,0,Comedy,Drama,Romance,1,3752,7.2,English,0,0,73%,108,Shirley Valentine,0,1989
18+,United States,Joe Swanberg,0,Comedy,Drama,Romance,1,3753,6.1,English,0,0,83%,90,Drinking Buddies,0,2013
,Denmark,Germany,Sweden,Norway,Mikkel Nørgaard,0,Crime,Mystery,Thriller,1,3754,7.2,Danish,Swedish,Arabic,0,0,70%,96,The Keeper of Lost Causes,0,2013
13+,Austria,Australia,Germany,United States,Richard Ladkani,Sean Bogle,Matthew Podolsky,0,Documentary,Crime,History,1,3755,7.2,English,Spanish,0,0,94%,104,Sea of Shadows,0,2019
,Japan,United States,Atsuko Hirayanagi,0,Comedy,Drama,1,3756,6.8,English,Japanese,0,0,98%,95,Oh Lucy!,0,2017
18+,Canada,United States,Hungary,Susanna Fogel,0,Action,Adventure,Comedy,1,3757,6,English,Russian,French,Lithuanian,German,0,1,49%,117,The Spy Who Dumped Me,0,2018
18+,United States,United Kingdom,Brazil,Crystal Moselle,0,Drama,1,3758,6.8,English,Spanish,0,0,89%,106,Skate Kitchen,0,2018
13+,United States,Michael Almereyda,0,Biography,Drama,History,1,3759,6.6,English,0,0,85%,98,Experimenter,0,2015
18+,United States,Elizabeth Chomko,0,Drama,1,3760,6.6,English,0,0,87%,101,What They Had,0,2018
,United States,Mike Gan,0,Thriller,1,3761,7.5,English,0,1,100%,88,Burn,0,2012
13+,India,Shonali Bose,Nilesh Maniyar,0,Drama,1,3762,7.2,Hindi,English,0,1,86%,100,Margarita with a Straw,0,2015
13+,United States,United Kingdom,Stephen Sommers,0,Comedy,Fantasy,Horror,Mystery,Romance,Thriller,1,3763,6.8,English,0,1,38%,100,Odd Thomas,0,2013
13+,Canada,United Kingdom,United States,Michael Sucsy,0,Drama,Fantasy,Romance,1,3764,6.4,English,0,1,63%,97,Every Day,0,2018
,United Kingdom,Roger Michell,0,Documentary,1,3765,7.3,English,0,0,99%,84,Nothing Like a Dame,0,2018
13+,United States,Tom Shadyac,0,Biography,Drama,Sport,1,3766,7.1,English,0,0,61%,99,Brian Banks,0,2019
18+,United States,Todd Berger,0,Comedy,Drama,1,3767,6.4,English,0,1,79%,88,It's a Disaster,0,2013
,Australia,Josh Lawson,0,Comedy,Drama,Romance,1,3768,7.1,English,Australian Sign Language,0,0,61%,96,The Little Death,0,2014
18+,United States,Josh Greenbaum,0,Documentary,Biography,Comedy,History,1,3769,7.5,English,0,0,81%,95,Becoming Bond,0,2017
18+,United Kingdom,Joe Pearlman,David Soutar,0,Documentary,Music,1,3770,7.1,English,0,0,100%,98,After the Screaming Stops,0,2018
18+,United States,Tamara Jenkins,0,Comedy,Drama,1,3771,6.6,English,0,0,80%,91,Slums of Beverly Hills,0,1998
18+,United Kingdom,Sweden,Norway,Jonas Åkerlund,0,Biography,Drama,Horror,Music,Thriller,1,3772,6.5,English,0,0,74%,118,Lords of Chaos,0,2019
18+,United States,Scott Walker,0,Crime,Drama,Thriller,1,3773,6.4,English,French,0,1,61%,105,The Frozen Ground,0,2013
18+,France,United States,Gus Van Sant,0,Crime,Drama,Mystery,1,3774,6.7,English,0,0,76%,85,Paranoid Park,0,2007
18+,United States,Andrew Bujalski,0,Comedy,Drama,1,3776,6.4,English,0,0,91%,93,Support the Girls,0,2018
18+,United States,Jed Rothstein,0,Documentary,1,3777,7.2,English,0,0,77%,82,The China Hustle,0,2018
18+,United States,Henry Joost,Ariel Schulman,0,Horror,Mystery,Thriller,1,3778,5.8,English,0,0,67%,83,Paranormal Activity 3,0,2011
18+,United States,Canada,Eli Roth,0,Action,Crime,Drama,Thriller,1,3779,6.4,English,Spanish,0,1,18%,107,Death Wish,0,2018
,Denmark,Norway,Sweden,Belgium,Mads Brügger,0,Documentary,Animation,History,1,3780,7.6,English,French,Swedish,Bemba,Danish,0,0,83%,128,Cold Case Hammarskjöld,0,2019
18+,United Kingdom,John McPhail,0,Comedy,Horror,Musical,1,3781,6,English,0,1,77%,93,Anna and the Apocalypse,0,2017
,United States,Jason Wise,0,Documentary,1,3782,7,English,Italian,German,French,0,0,79%,94,Somm,0,2013
,Canada,United States,Lisa D'Apolito,0,Documentary,1,3783,7.4,English,French,0,0,89%,88,Love, Gilda,0,2018
7+,United States,Jonathan Frakes,0,Action,Adventure,Sci-Fi,Thriller,1,3784,6.4,English,0,1,55%,103,Star Trek: Insurrection,0,1998
7+,United States,Wes Craven,0,Horror,Thriller,1,3785,7,English,0,1,92%,84,Bad Company,0,1972
18+,France,Frédéric Tcheng,0,Documentary,1,3786,7.3,French,English,Italian,0,1,84%,90,Dior and I,0,2015
13+,United States,Richard Linklater,0,Comedy,Drama,1,3787,6.5,English,0,0,49%,109,Where'd You Go, Bernadette,0,2019
18+,United States,Michael Apted,0,Crime,Drama,Mystery,Thriller,1,3788,6.8,English,0,1,75%,128,Gorky Park,0,1983
18+,United States,Eliza Hittman,0,Drama,1,3789,6.4,English,0,0,85%,98,Beach Rats,0,2017
,Denmark,Sweden,Netherlands,France,Germany,United Kingdom,Italy,United States,Lars von Trier,0,Drama,1,3790,7.3,English,0,0,50%,139,Manderlay,0,2005
7+,Romania,United States,Michael Damian,0,Drama,Music,Romance,1,3791,6.4,English,0,1,75%,96,High Strung,0,2016
,Spain,France,David Pastor,Àlex Pastor,0,Horror,Sci-Fi,Thriller,1,3792,6.1,Spanish,Catalan,0,1,89%,100,The Last Days,0,2013
7+,United States,France,Mexico,Simon Wincer,0,Adventure,Drama,Family,1,3793,6,English,0,0,58%,112,Free Willy,0,1993
,United States,Kerem Sanga,0,Drama,Romance,1,3794,6.1,English,Spanish,0,0,89%,90,First Girl I Loved,0,2016
13+,United States,Asger Leth,0,Action,Adventure,Crime,Thriller,1,3795,6.6,English,Spanish,0,1,32%,102,Man on a Ledge,0,2012
,South Korea,Bong Joon Ho,0,Comedy,1,3796,7,Korean,0,0,67%,110,Barking Dogs Never Bite,0,2000
18+,United States,Karyn Kusama,0,Action,Crime,Drama,Mystery,Thriller,1,3797,6.2,English,0,0,74%,121,Destroyer,0,2018
7+,United States,Kelly Reichardt,0,Drama,Western,1,3798,6.5,English,0,1,86%,104,Meek's Cutoff,0,2010
,Iran,Bahman Ghobadi,0,Drama,Music,1,3799,7.1,Persian,0,0,95%,106,No One Knows About Persian Cats,0,2009
18+,United States,Dan Berk,Robert Olsen,0,Comedy,Drama,Horror,Thriller,1,3800,6.2,English,0,0,84%,90,Villains,0,2019
,United Kingdom,Juan Carlos Medina,0,Crime,Mystery,Thriller,1,3801,6.3,Yiddish,English,Irish,Chinese,Hebrew,0,0,74%,109,The Limehouse Golem,0,2016
18+,United States,Kevin Bray,0,Action,Crime,1,3802,7,English,0,0,75%,86,Walking Tall,0,1973
18+,United States,Tyler MacIntyre,0,Comedy,Crime,Horror,1,3803,6,English,0,0,82%,98,Tragedy Girls,0,2017
18+,United States,Canada,Kevin Kölsch,Dennis Widmyer,0,Horror,Mystery,Thriller,1,3804,5.7,English,0,1,58%,101,Pet Sematary,0,2019
18+,United States,Patrick Brice,0,Comedy,Mystery,1,3805,6.1,English,French,0,1,83%,79,The Overnight,0,2015
7+,United States,Robert Wise,0,Adventure,Mystery,Sci-Fi,1,3806,6.4,English,Klingon,0,1,42%,132,Star Trek: The Motion Picture,0,1979
,United States,Rob Schmidt,0,Drama,Thriller,1,3807,7.4,English,0,0,92%,100,Crime + Punishment,0,2018
,Italy,France,Marco Bellocchio,0,Biography,Drama,Romance,1,3808,6.9,Italian,German,0,0,92%,128,Vincere,0,2009
18+,United States,Roxanne Benjamin,Matt Bettinelli-Olpin,David Bruckner,Tyler Gillett,Patrick Horvath,Justin Martinez,Radio Silence,Chad Villella,0,Fantasy,Horror,Thriller,1,3809,5.9,English,0,1,80%,89,Southbound,0,2015
13+,Norway,John Andreas Andersen,0,Action,Drama,Thriller,1,3810,6.2,Norwegian,0,0,84%,106,The Quake,0,2018
18+,United States,Switzerland,Nima Nourizadeh,0,Action,Comedy,1,3811,6.1,English,Mandarin,0,1,43%,96,American Ultra,0,2015
18+,United Kingdom,Tony Randel,0,Horror,Thriller,1,3812,6.5,English,0,1,52%,97,Hellbound: Hellraiser II,0,1988
18+,United States,Brett Haley,0,Drama,Romance,Western,1,3813,6.5,English,0,0,78%,96,The Hero,0,2017
,Finland,Sweden,Denmark,Germany,Iceland,United States,Dome Karukoski,0,Biography,Drama,1,3814,6.8,Finnish,English,German,0,0,83%,117,Tom of Finland,0,2017
,United States,Jenner Furst,Julia Willoughby Nason,0,Documentary,1,3815,6.8,English,0,0,76%,96,Fyre Fraud,0,2019
18+,United States,A.J. Eaton,0,Documentary,Music,1,3816,7.2,English,Italian,0,0,91%,95,David Crosby: Remember My Name,0,2019
18+,United States,Neil Berkeley,0,Documentary,Biography,Comedy,1,3817,7.4,English,0,0,95%,94,Gilbert,0,2017
,United States,Don Argott,Sheena M. Joyce,0,Documentary,Biography,Drama,1,3818,6.4,English,0,0,89%,109,Framing John DeLorean,0,2019
18+,Spain,United States,Sergio G. Sánchez,0,Drama,Horror,Mystery,Thriller,1,3819,6.6,English,0,0,47%,110,Marrowbone,0,2017
,United States,Heather Lenz,0,Documentary,1,3820,7.2,English,Japanese,0,0,93%,76,Kusama : Infinity,0,2018
13+,United States,,0,Fantasy,Horror,Sci-Fi,Drama,Mystery,Thriller,1,3821,6.7,English,0,0,58%,51,Please Stand By,0,2018
,United States,Joey Kuhn,0,Drama,Romance,1,3822,6.5,English,0,0,80%,89,Those People,0,2015
13+,United Kingdom,Italy,Belgium,France,Palestine,Israel,Elia Suleiman,0,Drama,History,1,3823,7.1,Arabic,Hebrew,English,0,0,84%,109,The Time That Remains,0,2009
18+,United States,Mexico,Gore Verbinski,0,Adventure,Comedy,Crime,Romance,1,3824,6.1,English,Spanish,0,0,54%,123,The Mexican,0,2001
18+,United States,Tod Williams,0,Horror,1,3825,5.6,English,Spanish,0,1,59%,91,Paranormal Activity 2,0,2010
,Australia,Kriv Stenders,0,Comedy,Drama,Family,Romance,1,3826,6.4,English,0,0,100%,88,Red Dog: True Blue,0,2016
18+,United States,Sam Levinson,0,Action,Comedy,Crime,Drama,Horror,Thriller,1,3827,5.9,English,Italian,0,0,73%,108,Assassination Nation,0,2018
18+,United States,Jennifer Westfeldt,0,Comedy,Drama,Romance,1,3828,6.1,English,0,1,67%,107,Friends with Kids,0,2012
13+,United States,Lisa Immordino Vreeland,Bent-Jorgen Perlmutt,Frédéric Tcheng,0,Documentary,Biography,1,3829,7.5,English,French,Italian,0,0,94%,86,Diana Vreeland: The Eye Has to Travel,0,2012
18+,Iceland,Óskar Thór Axelsson,0,Drama,Horror,Mystery,Thriller,1,3830,6.1,Icelandic,0,1,86%,105,I Remember You,0,2017
7+,United States,Bethany Ashton Wolf,0,Drama,Music,Romance,1,3831,6.7,English,0,1,24%,108,Forever My Girl,0,2018
,Australia,United Arab Emirates,Tony D'Aquino,0,Action,Horror,Thriller,1,3832,7.3,English,0,0,83%,82,The Furies,0,1950
,United Kingdom,Germany,United States,Werner Herzog,André Singer,0,Documentary,Biography,History,1,3833,7.2,English,Russian,German,Polish,0,0,88%,90,Meeting Gorbachev,0,2019
18+,United Kingdom,United States,Jake Scott,0,Drama,1,3834,7,English,0,1,54%,110,Welcome to the Rileys,0,2010
18+,Germany,Canada,United Kingdom,South Africa,United States,Peter Chelsom,0,Adventure,Comedy,Drama,1,3835,7,English,French,German,0,0,37%,120,Hector and the Search for Happiness,0,2014
18+,United States,Jim Hemphill,0,Drama,Horror,Thriller,1,3836,7.3,English,0,0,79%,90,Bad Reputation,0,2018
18+,United States,Forest Whitaker,0,Comedy,Drama,Romance,1,3837,5.9,English,0,0,56%,124,Waiting to Exhale,0,1995
,Canada,Adam MacDonald,0,Drama,Horror,Mystery,Thriller,1,3838,5.8,English,0,0,82%,90,Pyewacket,0,2017
all,United States,Richard Rich,0,Animation,Comedy,Family,Fantasy,Musical,Romance,1,3839,6.4,English,0,0,50%,93,The Swan Princess,0,1994
,Ireland,United Kingdom,Jon Wright,0,Action,Adventure,Comedy,Horror,Sci-Fi,Thriller,1,3840,6.3,English,0,0,72%,94,Grabbers,0,2012
18+,Sweden,Denmark,Pella Kagerman,Hugo Lilja,0,Drama,Sci-Fi,1,3841,6.2,Swedish,Spanish,English,0,0,70%,106,Aniara,0,2019
,South Korea,Sang-soo Im,0,Drama,Thriller,1,3842,6.4,Korean,English,0,0,70%,107,The Housemaid,0,2010
18+,United States,Nia DaCosta,0,Crime,Drama,Western,1,3843,6.1,English,0,0,96%,105,Little Woods,0,2018
13+,,,0,Talk-Show,1,3844,6.6,,0,1,47%,,Elvira, Mistress of the Dark,0,1988
13+,United States,Gabe Polsky,0,Documentary,1,3845,6.6,English,0,0,92%,77,In Search of Greatness,0,2018
7+,United States,Scott Hamilton Kennedy,0,Documentary,1,3846,7,English,0,0,100%,92,Food Evolution,0,2017
7+,United States,Patrick Gilmore,Tim Johnson,0,Animation,Adventure,Family,Fantasy,1,3847,6.7,English,Cantonese,Italian,0,0,45%,86,Sinbad: Legend of the Seven Seas,0,2003
18+,United States,Zachary Donohue,0,Horror,Mystery,Thriller,1,3848,6,English,0,0,76%,81,The Den,0,2013
,China,Jing Wu,0,Action,Drama,Thriller,War,1,3849,6,Mandarin,English,French,0,0,69%,123,Wolf Warrior 2,0,2017
18+,United States,Patrick O'Dell,0,Documentary,1,3850,7.2,English,0,0,100%,79,Dumb: The Story of Big Brother Magazine,0,2017
,France,Germany,Mia Hansen-Løve,0,Drama,Romance,1,3851,6.6,French,German,Danish,English,0,0,83%,110,Goodbye First Love,0,2011
13+,Chile,Colombia,Spain,United States,Patricia Riggen,0,Biography,Drama,History,1,3852,6.9,English,Spanish,0,0,48%,127,The 33,0,2015
13+,United States,Avi Belkin,0,Documentary,Biography,1,3853,7.2,English,Russian,Persian,0,0,94%,90,Mike Wallace Is Here,0,2019
7+,France,Luc Jacquet,0,Documentary,Family,1,3854,6.6,English,French,0,0,100%,85,March of the Penguins 2,0,2017
7+,United States,Ethan Hawke,0,Documentary,Biography,Music,1,3856,7.4,English,0,0,100%,84,Seymour: An Introduction,0,2015
18+,United States,Robert D. Krzykowski,0,Adventure,Drama,Sci-Fi,War,1,3857,5.6,English,Russian,0,0,76%,98,The Man Who Killed Hitler and Then the Bigfoot,0,2019
,United States,Canada,United Kingdom,France,Hungary,Belgium,Brady Corbet,0,Drama,1,3858,6.1,English,French,German,0,0,89%,115,The Childhood of a Leader,0,2016
,United States,Henry Dunham,0,Crime,Drama,Thriller,1,3859,6.2,English,0,0,77%,88,The Standoff at Sparrow Creek,0,2019
18+,United States,Del Shores,0,Comedy,1,3860,5.3,English,0,1,86%,109,A Very Sordid Wedding,0,2017
13+,United States,Timothy Greenfield-Sanders,0,Documentary,1,3861,7.1,English,0,0,97%,120,Toni Morrison: The Pieces I Am,0,2019
,United States,Canada,Germany,Italy,,0,Adventure,Drama,Fantasy,Sci-Fi,1,3862,6.8,English,Italian,0,0,98%,265,Dina,0,2017
7+,United States,Ken Marino,0,Comedy,Drama,Romance,1,3863,6.2,English,0,0,63%,113,Dog Days,0,2018
18+,United States,Reinaldo Marcus Green,0,Crime,Drama,Thriller,1,3864,5.7,English,0,0,86%,96,Monsters and Men,0,2018
,Ireland,United Kingdom,Ivan Kavanagh,0,Horror,Mystery,Thriller,1,3865,5.8,English,0,1,71%,92,The Canal,0,2014
7+,United States,Ireland,Anand Tucker,0,Comedy,Romance,1,3866,6.5,English,Ukrainian,0,0,23%,100,Leap Year,0,2010
,United States,Janice Engel,0,Documentary,1,3867,7.6,English,0,0,94%,93,Raise Hell: The Life & Times of Molly Ivins,0,2019
,Iceland,Poland,Denmark,Germany,France,Hafsteinn Gunnar Sigurðsson,0,Comedy,Drama,Mystery,Thriller,1,3868,6.8,Icelandic,0,0,85%,89,Under the Tree,0,2017
13+,United States,Germany,Czech Republic,United Kingdom,Stephen Norrington,0,Action,Adventure,Fantasy,Sci-Fi,1,3869,5.8,English,German,Italian,0,0,17%,110,The League of Extraordinary Gentlemen,0,2003
18+,United States,Courteney Cox,0,Comedy,Drama,1,3870,6.2,English,0,1,75%,95,Hello I Must Be Going,0,2012
,United States,Sam Pollard,0,Documentary,Music,1,3871,7.4,English,0,0,100%,80,Two Trains Runnin',0,2016
7+,United States,Lewis Teague,0,Action,Adventure,Comedy,Romance,1,3872,6.1,English,Arabic,0,0,50%,106,The Jewel of the Nile,0,1985
18+,United States,George Gallo,0,Comedy,Crime,Drama,1,3873,6.8,English,0,1,40%,105,Middle Men,0,2009
18+,United Kingdom,United States,France,Sweden,Rowan Joffe,0,Drama,Horror,Mystery,Thriller,1,3874,6.3,English,0,0,37%,92,Before I Go to Sleep,0,2014
,United Kingdom,India,Germany,China,United States,Christopher Dillon Quinn,0,Documentary,1,3875,7.3,English,0,0,91%,94,Eating Animals,0,2018
18+,United States,United Kingdom,Brian Taylor,0,Comedy,Horror,Thriller,1,3876,5.5,English,0,0,75%,86,Mom and Dad,0,2018
18+,United States,Paul Dalio,0,Drama,Romance,1,3877,6.2,English,0,1,68%,106,Touched with Fire,0,2016
7+,Germany,France,United States,Alla Kovgan,0,Documentary,Biography,Music,1,3878,6.4,English,0,0,88%,93,Cunningham,0,2019
,United States,A.T. White,0,Drama,Horror,Sci-Fi,1,3879,5.3,English,0,1,90%,99,Starfish,0,2018
13+,United States,Udayan Prasad,0,Drama,Romance,1,3880,6.7,English,0,1,66%,102,The Yellow Handkerchief,0,2009
13+,United States,Andrew Rossi,0,Documentary,1,3881,7.2,English,0,0,78%,90,The First Monday in May,0,2016
7+,United States,Sean McNamara,0,Drama,Sport,1,3882,6.5,English,0,0,51%,101,The Miracle Season,0,2018
,United States,Andrew Heckler,0,Drama,1,3883,6.9,English,0,0,97%,117,Burden,0,2016
18+,United States,Norway,Alexander Payne,0,Drama,Sci-Fi,1,3884,5.7,English,Spanish,Norwegian,French,Korean,Greek,Vietnamese,0,1,47%,135,Downsizing,0,2017
,United States,James Gray,0,Drama,Romance,1,3885,6.2,English,Polish,Latin,0,1,91%,120,Lowlife,0,2017
18+,France,Mathieu Amalric,0,Crime,Romance,Thriller,1,3886,6.3,French,0,0,90%,76,The Blue Room,0,2014
18+,United States,Germany,Arie Posin,0,Comedy,Drama,1,3887,6.9,English,0,0,37%,108,The Chumscrubber,0,2005
,United States,Sean Penn,0,Crime,Drama,Mystery,Thriller,1,3888,5.4,English,0,0,76%,124,Pledge,0,2019
18+,United States,Roland Emmerich,0,Action,Sci-Fi,1,3889,6,English,0,0,29%,102,Universal Soldier,0,1992
18+,France,Olivier Assayas,0,Comedy,Drama,Romance,1,3890,6.5,French,0,0,87%,108,Non-Fiction,0,2018
,United States,Tiffany Bartok,0,Documentary,1,3891,8.3,English,0,0,90%,102,Larger than Life: The Kevyn Aucoin Story,0,2017
7+,United Kingdom,Spain,Germany,Isabel Coixet,0,Drama,1,3892,6.5,English,0,1,57%,113,The Bookshop,0,2017
,Indonesia,France,United States,Gareth Evans,0,Action,Thriller,1,3893,5.8,Indonesian,0,0,79%,101,Baskın,0,2015
18+,United Kingdom,United States,Danny Boyle,0,Comedy,Crime,Fantasy,Romance,1,3894,6.4,English,0,0,39%,103,A Life Less Ordinary,0,1997
7+,United States,Alan Metter,0,Comedy,Music,Romance,1,3895,6,English,0,1,38%,90,Girls Just Want to Have Fun,0,1985
7+,United States,John A. Davis,0,Animation,Adventure,Comedy,Family,Fantasy,1,3896,5.8,English,0,0,62%,88,The Ant Bully,0,2006
13+,United States,Garry Marshall,0,Comedy,Romance,1,3897,6,English,French,Portuguese,0,1,24%,112,Overboard,0,2018
18+,United States,Stephen Cone,0,Drama,1,3898,6.1,English,0,1,83%,87,Henry Gamble's Birthday Party,0,2015
18+,Italy,Belgium,Susanna Nicchiarelli,0,Biography,Drama,Music,1,3899,6.7,English,German,Czech,French,0,0,92%,93,Nico, 1988,0,2017
,United States,Kent Jones,0,Drama,1,3900,6.7,English,0,0,88%,95,Diane,0,2019
18+,United States,Jeff Baena,0,Comedy,1,3901,5.9,English,0,0,81%,93,Joshy,0,2016
,France,Catherine Corsini,0,Crime,Drama,Romance,1,3902,6.2,French,Catalan,English,0,0,68%,85,Leaving,0,2009
13+,United Kingdom,Richard Loncraine,0,Comedy,Drama,Music,Romance,1,3903,6.7,English,Italian,French,Welsh,0,1,70%,111,Finding Your Feet,0,2017
,France,Germany,Bertrand Tavernier,0,Action,Drama,History,Romance,War,1,3904,6.4,French,0,0,85%,139,The Princess of Montpensier,0,2010
,United States,Matt Tyrnauer,0,Documentary,Biography,History,1,3905,6.9,English,0,0,95%,92,Citizen Jane: Battle for the City,0,2017
18+,United Kingdom,Ireland,Belgium,Ben Wheatley,0,Drama,Sci-Fi,1,3906,5.6,English,0,0,60%,119,High-Rise,0,2015
18+,Czech Republic,Switzerland,United Kingdom,United States,France,Michael Apted,0,Action,Drama,Mystery,Thriller,1,3907,6.2,English,Arabic,German,0,0,26%,98,Unlocked,0,2017
,United States,Rachel Dretzin,Jamila Ephron,0,Documentary,1,3908,7.5,English,0,0,90%,93,Far From The Tree,0,2017
,United States,Tom Stern,Alex Winter,0,Comedy,Sci-Fi,1,3909,6.7,English,0,0,54%,86,Freak Show,0,2018
13+,United States,Kevin Willmott,0,Comedy,Drama,War,1,3910,6.4,English,0,0,80%,89,C.S.A.: The Confederate States of America,0,2005
,United States,Danny Mooney,0,Drama,Romance,War,1,3911,5.5,English,0,1,93%,100,AWOL,0,2017
18+,United States,David Burkman,0,Drama,Thriller,1,3912,5.9,English,0,1,88%,106,Haze,0,2017
,India,Priyadarshan,0,Comedy,Horror,Mystery,Thriller,1,3913,5.9,Hindi,Bengali,0,0,92%,159,Maze,0,2017
16+,United States,Greg Barker,0,Documentary,War,1,3914,5.7,English,0,0,100%,79,Legion of Brothers,0,2017
18+,United States,Eric Notarnicola,0,Comedy,1,3915,6.4,English,0,0,66%,89,Mister America,0,2019
,United States,Valerie Weiss,0,Drama,Thriller,1,3916,5.1,English,0,0,80%,86,The Archer,0,2017
18+,United States,United Kingdom,Rachel Talalay,0,Action,Comedy,Sci-Fi,1,3917,5.3,English,0,0,40%,104,Tank Girl,0,1995
,United Kingdom,Austria,Germany,Jessica Hausner,0,Drama,Horror,Mystery,Sci-Fi,1,3918,5.9,English,0,0,68%,105,Little Joe,0,2019
,United Kingdom,Taiwan,Andrew Peat,0,Documentary,1,3919,7.5,English,0,1,75%,89,Scotch: A Golden Dream,0,2019
18+,United States,Canada,Nicholas McCarthy,0,Horror,Thriller,1,3920,5.8,English,0,1,42%,92,The Prodigy,0,2019
,United States,Alexis Bloom,0,Documentary,1,3921,7,English,0,0,90%,107,Divide and Conquer: The Story of Roger Ailes,0,2018
18+,Mexico,Hari Sama,0,Drama,1,3922,6.6,Spanish,0,0,82%,115,This Is Not Berlin,0,2019
18+,United Kingdom,Sweden,Denmark,Ireland,David Mackenzie,0,Drama,Romance,Sci-Fi,1,3923,6.6,English,Sign Languages,0,0,40%,92,The Last Word,0,2017
13+,United States,Chris Addison,0,Comedy,Crime,1,3924,5.4,English,German,Dutch,Danish,French,American Sign Language,0,1,14%,93,The Hustle,0,2019
,United States,,0,Comedy,Drama,Family,1,3925,5.1,English,0,1,91%,22,The Unicorn,0,2019
18+,United States,Sabaah Folayan,Damon Davis,0,Documentary,1,3926,5,English,0,0,98%,90,Whose Streets?,0,2017
18+,United States,Brady Corbet,0,Drama,Music,1,3927,5.9,English,Croatian,Chinese,0,0,61%,114,Vox Lux,0,2018
7+,United States,Rory Kennedy,0,Documentary,Sport,1,3928,7.3,English,0,0,76%,118,Take Every Wave: The Life of Laird Hamilton,0,2018
7+,United Kingdom,Germany,Thomas Riedelsheimer,0,Documentary,1,3929,6.7,English,Portuguese,French,0,0,98%,97,Leaning Into the Wind: Andy Goldsworthy,0,2018
,United States,Benjamin Berman,0,Documentary,1,3930,6.6,English,0,0,80%,91,The Amazing Johnathan Documentary,0,2019
,United Kingdom,Alexis Dos Santos,0,Comedy,Drama,1,3931,6.6,English,French,Spanish,Italian,0,0,76%,97,Unmade Beds,0,2009
18+,United States,Canada,Christian Alvart,0,Horror,Mystery,Thriller,1,3932,6.2,English,0,1,21%,109,Case 39,0,2009
13+,United States,Canada,Chris Carter,0,Crime,Drama,Horror,Mystery,Sci-Fi,Thriller,1,3933,5.9,English,Russian,Czech,0,0,31%,104,The X Files: I Want to Believe,0,2008
13+,United States,Kate Novack,0,Documentary,1,3934,6.3,English,0,0,86%,93,The Gospel According to André,0,2018
18+,United States,Alex Gregory,Peter Huyck,0,Comedy,Romance,1,3935,6.1,English,0,1,35%,95,A Good Old Fashioned Orgy,0,2011
18+,United States,Fritz Kiersch,0,Horror,Thriller,1,3936,5.7,English,0,1,35%,92,Children of the Corn,0,1984
,Australia,Shane Abbess,0,Action,Adventure,Drama,Fantasy,Horror,Sci-Fi,Thriller,1,3937,5.6,English,0,0,65%,99,The Osiris Child,0,2016
18+,United States,Joseph Zito,0,Horror,Thriller,1,3938,6,English,0,1,20%,91,Friday the 13th: The Final Chapter,0,1984
7+,United States,Jody Lee Lipes,0,Documentary,Music,Sport,1,3939,6.2,English,0,0,87%,75,Ballet 422,0,2014
,Denmark,Sweden,Ali Abbasi,0,Drama,Horror,1,3940,5.2,Danish,English,Norwegian,Swedish,Romanian,0,0,92%,92,Shelley,0,2016
,United Kingdom,Dominic Savage,0,Drama,1,3941,5.8,English,0,0,77%,101,The Escape,0,2018
13+,United Kingdom,Amma Asante,0,Drama,Romance,War,1,3942,6.2,English,0,0,40%,122,Where Hands Touch,0,2018
,United States,David Robert Mitchell,0,Comedy,Drama,Romance,1,3943,6.3,English,0,0,81%,96,The Myth of the American Sleepover,0,2011
,United States,Liza Mandelup,0,Documentary,1,3944,5.9,English,0,0,96%,99,Jawline,0,2019
,Spain,United Kingdom,Carlos Marques-Marcet,0,Comedy,Drama,Romance,1,3945,6.4,English,Spanish,0,0,75%,113,Anchor and Hope,0,2017
,Canada,France,Brandon Cronenberg,0,Horror,Mystery,Sci-Fi,Thriller,1,3946,5.7,English,0,0,66%,108,Antiviral,0,2012
18+,United States,Max Winkler,0,Comedy,Drama,1,3947,6,English,0,0,50%,90,Flower,0,2017
18+,United States,John Hyams,0,Drama,1,3948,5.8,English,0,0,91%,93,All Square,0,2018
,United Kingdom,United States,Christopher Morris,0,Comedy,Crime,1,3949,5.8,English,0,0,65%,87,The Day Shall Come,0,2019
,United States,Larry Fessenden,0,Drama,Horror,Thriller,1,3950,5.3,English,0,0,87%,114,Depraved,0,2019
7+,Spain,United States,Dylan Brown,0,Animation,Adventure,Comedy,Family,Fantasy,1,3951,5.8,English,0,1,34%,85,Wonder Park,0,2019
18+,United States,Kenneth A. Carlson,0,Documentary,Sport,1,3952,7.2,English,0,0,85%,103,Go Tigers!,0,2001
,United States,Hong Kong,Emily Ting,0,Comedy,Romance,1,3953,6.5,English,0,0,74%,78,Already Tomorrow in Hong Kong,0,2016
,United States,France,Jim Mickle,0,Drama,Horror,Thriller,1,3954,5.7,English,0,1,72%,105,We Are What We Are,0,2010
,Italy,Saverio Costanzo,0,Drama,Romance,Thriller,1,3955,6.4,English,0,0,63%,109,Hungry Hearts,0,2015
18+,United States,Canada,France,Pascal Laugier,0,Crime,Drama,Horror,Mystery,Thriller,1,3956,5.9,English,0,1,41%,106,The Tall Man,0,2012
18+,United States,Kevin Goetz,Michael Goetz,0,Drama,Thriller,1,3957,6.5,English,0,0,67%,82,Scenic Route,0,2013
,United States,Justin Chon,0,Drama,1,3958,6,English,0,0,86%,87,Ms. Purple,0,2019
18+,United States,Adam Shankman,0,Comedy,Fantasy,Romance,1,3959,5.2,English,Mandarin,0,1,42%,117,What Men Want,0,2019
18+,United States,Trevor White,0,Crime,Drama,Thriller,1,3960,6.2,English,0,0,80%,102,A Crooked Somebody,0,2018
,United States,David Thorpe,0,Documentary,1,3962,5.7,English,French,0,0,81%,77,Do I Sound Gay?,0,2015
18+,Switzerland,United Kingdom,France,United States,Harmony Korine,0,Comedy,1,3963,5.5,English,Spanish,0,0,56%,95,The Beach Bum,0,2019
7+,United Kingdom,Simon Langton,0,Thriller,1,3964,6.2,English,Russian,0,1,88%,100,The Whistle Blower,0,1986
,Australia,Richard Franklin,0,Horror,Mystery,Thriller,1,3965,5.4,English,0,0,84%,101,Road Games,0,2015
,France,Belgium,Claire Denis,0,Comedy,Drama,Romance,1,3966,6,French,0,0,86%,94,Let the Sunshine In,0,2017
18+,United States,Simon West,0,Action,Crime,Drama,Thriller,1,3967,5.6,English,0,1,32%,92,Wild Card,0,2015
13+,United States,Germany,Brazil,Italy,Karyn Kusama,0,Action,Adventure,Sci-Fi,Thriller,1,3968,5.4,English,0,0,9%,93,Æon Flux,0,2005
13+,France,Canada,United States,Spain,Camille Delamarre,0,Action,Crime,Thriller,1,3969,5.7,English,Chinese,0,0,25%,90,Brick Mansions,0,2014
7+,Spain,United Kingdom,United States,Jorge Blanco,Javier Abad,Marcos Martínez,0,Animation,Adventure,Comedy,Family,Sci-Fi,1,3970,6,English,Spanish,0,0,22%,91,Planet 51,0,2009
18+,Ireland,United Kingdom,Denmark,Spain,Aisling Walsh,0,Drama,History,1,3971,6.9,English,0,0,79%,94,Padre nuestro,0,2007
7+,United States,Chris Dowling,0,Drama,Sport,1,3972,5.9,English,0,1,40%,101,Run the Race,0,2019
,Japan,Koki Shigeno,0,Documentary,1,3973,7.1,Japanese,0,0,63%,93,Ramen Heads,0,2017
13+,United States,Jackson Stewart,0,Adventure,Horror,1,3974,5.2,English,0,0,83%,84,Beyond the Gates,0,2016
13+,United States,David Duchovny,0,Comedy,Drama,1,3975,7,English,French,0,1,10%,97,House of D,0,2004
,Ireland,United Kingdom,Aislinn Clarke,0,Horror,1,3976,5.2,English,0,0,78%,76,The Devil's Doorway,0,2018
18+,United States,Seth Green,0,Comedy,Drama,1,3977,5.7,English,Thai,0,0,63%,86,Changeland,0,2019
,United States,Lea Thompson,0,Comedy,Drama,Romance,1,3978,5.6,English,0,0,67%,102,The Year of Spectacular Men,0,2018
,France,Portugal,Christophe Honoré,0,Drama,Romance,1,3979,6.5,French,0,0,60%,92,In Paris,0,2006
16+,Japan,Satoshi Nishimura,0,Animation,Action,Sci-Fi,Western,1,3980,7.5,Japanese,0,0,,90,Trigun: Badlands Rumble,0,2010
18+,United States,Joe Swanberg,0,Comedy,Drama,1,3981,5.8,English,Spanish,0,1,66%,85,Digging for Fire,0,2015
18+,Japan,Kiyoshi Kurosawa,0,Drama,Sci-Fi,1,3982,6,Japanese,0,0,80%,129,Before We Vanish,0,2017
13+,,William E. Badgley,0,Documentary,Music,1,3983,7.1,English,0,0,67%,86,Here to be Heard: The Story of the Slits,0,2018
7+,United States,France,Chris Renaud,Kyle Balda,0,Animation,Adventure,Comedy,Drama,Family,Fantasy,Musical,1,3984,8,English,0,0,,86,The Lorax,0,1972
,United States,Polly Draper,0,Comedy,Drama,1,3985,6.4,English,0,0,65%,102,Stella's Last Weekend,0,2018
,Spain,Paco León,0,Comedy,Romance,1,3986,6.5,Spanish,English,Spanish Sign Language,0,0,81%,102,Kiki,0,2017
,United States,Julius Ramsay,0,Crime,Drama,Horror,Mystery,Thriller,1,3987,5.4,English,0,0,81%,94,Midnighters,0,2018
18+,United States,,0,Comedy,1,3988,6.1,English,0,1,84%,30,The Brink,0,2019
18+,United States,David Zellner,Nathan Zellner,0,Adventure,Comedy,Crime,Drama,Romance,Western,1,3989,5.5,English,0,0,67%,113,Damsel,0,2018
,Canada,United States,Nick Berardini,0,Documentary,Drama,1,3990,6.5,English,0,0,91%,100,Killing Them Safely,0,2015
18+,United States,Spain,Mexico,John Milius,0,Action,Adventure,Fantasy,1,3991,5.2,English,0,1,25%,129,Conan the Barbarian,0,2011
,United States,,0,Crime,Drama,Romance,1,3992,6.9,English,0,0,73%,60,Family Law,0,2006
7+,Mexico,Sebastian del Amo,0,Biography,Comedy,Drama,Romance,1,3993,6.5,Spanish,English,0,1,45%,102,Cantinflas,0,2014
13+,United States,Tyler Perry,0,Comedy,Drama,1,3994,4.7,English,0,1,37%,106,Madea's Big Happy Family,0,2011
,Denmark,Bo Mikkelsen,0,Horror,Thriller,1,3995,5.6,Danish,0,0,78%,85,What We Become,0,2015
7+,United States,Jimmy Hayward,0,Animation,Adventure,Comedy,Family,Sci-Fi,1,3996,5.9,English,0,0,19%,91,Free Birds,0,2013
18+,United States,Jon Avnet,0,Crime,Drama,Mystery,Thriller,1,3997,6,English,Spanish,Russian,0,0,18%,101,Righteous Kill,0,2008
13+,United States,Scott Speer,0,Fantasy,Horror,Sci-Fi,Thriller,1,3998,5.8,English,0,1,8%,98,I Still See You,0,2018
18+,Canada,Paul Gross,0,Comedy,Drama,Romance,Sport,1,3999,5.7,English,American Sign Language,German,0,0,55%,102,Men with Brooms,0,2002
,Finland,Germany,Canada,Sweden,France,Mika Kaurismäki,0,Biography,Drama,History,Romance,1,4000,5.9,English,French,German,Latin,0,1,42%,106,The Girl King,0,2015
18+,United States,Annette Haywood-Carter,0,Drama,1,4001,6.2,English,0,1,27%,102,Foxfire,0,1996
,Canada,Lowell Dean,0,Comedy,Horror,1,4002,5.5,English,0,0,65%,79,WolfCop,0,2014
7+,United States,William Shatner,0,Action,Adventure,Fantasy,Sci-Fi,Thriller,1,4003,5.5,English,Klingon,0,1,22%,107,Star Trek V: The Final Frontier,0,1989
,Ireland,Belgium,United States,Brendan Muldowney,0,Action,Drama,History,1,4004,5.8,English,Irish,French,Latin,0,0,69%,96,Pilgrimage,0,2017
7+,China,Canada,United States,Thailand,Kelly Asbury,0,Animation,Adventure,Comedy,Family,Fantasy,Musical,1,4005,4.9,English,0,0,27%,87,UglyDolls,0,2019
,Ireland,United Kingdom,Chanya Button,0,Biography,Drama,Romance,1,4006,5.7,English,0,0,41%,110,Vita & Virginia,0,2019
,United States,Ireland,Francis Ford Coppola,0,Horror,Thriller,1,4007,5.1,English,0,0,77%,75,Dementia,0,2015
18+,United States,Tyler Perry,0,Drama,Romance,Thriller,1,4008,5.8,English,0,1,17%,120,Acrimony,0,2018
18+,United States,Japan,Fuminori Kizaki,0,Animation,Action,Adventure,Drama,Fantasy,Sci-Fi,1,4009,7.2,English,0,0,,97,Afro Samurai: Resurrection,0,2009
18+,United States,Steve Miner,0,Horror,Thriller,1,4010,5.7,English,0,1,12%,95,Friday the 13th Part III,0,1982
7+,United States,Richard Thorpe,0,Comedy,Music,1,4011,5.9,English,0,0,57%,97,Fun in Acapulco,0,1963
,United Kingdom,Robert Mullan,0,Biography,Drama,History,1,4012,6,English,0,0,64%,106,Mad to Be Normal,0,2017
,China,Hong Kong,United States,Stephen Shin,Michael Parker,0,Drama,History,Sport,1,4013,5.9,English,Mandarin,Japanese,0,0,93%,108,The Last Race,0,2018
,United States,Joseph Mazzello,0,Comedy,Drama,Sport,1,4014,6.4,English,0,0,25%,90,Undrafted,0,2016
13+,United States,John Suits,0,Sci-Fi,1,4015,5.8,English,French,0,0,22%,91,2:22,0,2017
18+,Canada,United States,Bobby Miller,0,Comedy,Drama,Fantasy,Horror,1,4016,5.3,English,0,0,83%,81,The Cleanse,0,2018
,United States,Mexico,Joan Kron,0,Documentary,Comedy,History,1,4017,6.8,English,0,0,83%,92,Take My Nose... Please!,0,2017
18+,United Kingdom,Suzi Ewing,0,Thriller,1,4018,5,English,0,0,67%,88,10x10,0,2018
,United States,Justin Bare,Matthew Miele,0,Documentary,1,4019,7.3,English,0,0,85%,87,Harry Benson: Shoot First,0,2016
7+,United States,Sierra Pettengill,Pacho Velez,0,Documentary,1,4020,6.4,English,0,0,79%,74,The Reagan Show,0,2017
all,United States,Bill Melendez,Phil Roman,0,Animation,Adventure,Comedy,Family,1,4021,7.3,English,0,1,,76,Race for Your Life, Charlie Brown,0,1977
13+,Japan,Masaya Fujimori,0,Animation,Action,Adventure,Comedy,Drama,Fantasy,1,4022,7.1,Japanese,0,0,,86,Fairy Tail the Movie: Phoenix Priestess,0,2012
,United States,Rich Arons,Ken Boyer,Kent Butterworth,Barry Caldwell,Alfred Gimeno,Art Leonardi,Byron Vaughns,0,Animation,Adventure,Comedy,Family,Fantasy,1,4023,8,English,0,0,,79,Tiny Toon Adventures: How I Spent My Vacation,0,1992
,United States,Zack Parker,0,Drama,Horror,Thriller,1,4024,5.7,English,0,0,64%,120,Proxy,0,2013
,United States,Tommy Bertelsen,0,Drama,Horror,Mystery,Thriller,1,4025,4.9,English,Latvian,0,0,70%,103,Welcome to Mercy,0,2018
13+,United States,Colette Burson,0,Comedy,1,4026,5.5,English,0,1,44%,93,Permanent,0,2017
,United States,Steven Spielberg,0,Comedy,Drama,Romance,1,4027,5.4,English,Bulgarian,Spanish,Russian,Mandarin,German,French,0,0,21%,128,Terminal,0,2018
13+,Romania,Hungary,Canada,United States,Mark Schmidt,0,Action,Drama,History,Romance,War,1,4028,6.4,English,German,Hungarian,Romanian,0,0,45%,124,Walking with the Enemy,0,2014
18+,Canada,United States,Kevin Tent,0,Comedy,1,4029,5.7,English,0,1,54%,91,Crash Pad,0,2017
13+,United States,John Singleton,0,Action,Mystery,Thriller,1,4030,5.1,English,0,1,5%,106,Abduction,0,2011
18+,United States,Justin Zackham,0,Comedy,Drama,Romance,1,4031,5.6,English,Spanish,Chinese,Latin,0,1,7%,89,The Big Wedding,0,2013
18+,Ireland,Sweden,United States,Simon Kaijser,0,Drama,Mystery,Thriller,1,4032,5.6,English,0,0,42%,100,Spinning Man,0,2018
18+,Greece,United States,Alex Ross Perry,0,Drama,1,4033,5.8,English,0,0,67%,94,Golden Exits,0,2018
13+,United States,Tyler Perry,0,Comedy,Crime,Drama,1,4034,4.9,English,0,1,19%,114,Madea's Witness Protection,0,2012
18+,United States,Justin Reardon,0,Comedy,Romance,1,4035,6,English,Korean,0,1,14%,94,Playing It Cool,0,2014
,United States,Jocelyn DeBoer,Dawn Luebbe,0,Comedy,1,4036,6.3,English,0,0,80%,95,Greener Grass,0,2019
,Germany,United States,Eron Sheean,0,Drama,Horror,Mystery,Sci-Fi,Thriller,1,4037,5.3,English,0,0,75%,101,Errors of the Human Body,0,2012
,United States,Matt Wolf,0,Documentary,1,4038,6.5,,0,0,89%,113,Spaceship Earth,0,2020
,United Kingdom,Oliver Murray,0,Documentary,Music,1,4039,6.4,English,0,0,67%,98,The Quiet One,0,2019
7+,United States,Harald Zwart,0,Action,Adventure,Comedy,Crime,Family,Mystery,1,4040,5.6,English,French,Spanish,Italian,0,1,13%,92,The Pink Panther 2,0,2009
13+,United States,Justin Barber,0,Horror,Mystery,Sci-Fi,Thriller,1,4041,5.3,English,0,0,44%,87,Phoenix Forgotten,0,2017
,France,Italy,Jacques Rivette,0,Drama,Music,Romance,1,4042,6.5,French,Spanish,0,0,70%,137,The Duchess of Langeais,0,2007
18+,United States,John Luessenhop,0,Horror,Thriller,1,4043,4.8,English,0,1,19%,92,Texas Chainsaw 3D,0,2013
,United States,Sara Driver,0,Documentary,1,4044,6.5,English,0,0,88%,78,Boom for Real: The Late Teenage Years of Jean-Michel Basquiat,0,2018
7+,United States,David Heinz,0,Drama,Musical,1,4045,6.1,English,0,1,76%,99,American Folk,0,2018
,United States,Diego Hallivis,0,Mystery,Sci-Fi,Thriller,1,4046,4.8,English,0,0,47%,90,Curvature,0,2017
18+,United States,Joel Potrykus,0,Comedy,Drama,Horror,1,4047,5.1,English,0,1,80%,82,The Alchemist Cookbook,0,2016
13+,United States,Australia,Stuart Beattie,0,Action,Fantasy,Sci-Fi,1,4048,5.1,English,0,1,5%,92,I, Frankenstein,0,2014
,United States,Russell Harbaugh,0,Drama,Romance,1,4049,5.4,English,0,0,85%,91,Love After Love,0,2018
,United States,Bobby Roe,0,Horror,Thriller,1,4050,5.2,English,0,0,60%,91,The Houses October Built,0,2014
7+,France,United States,Luxembourg,Dwight H. Little,0,Adventure,Drama,Family,1,4051,5.1,English,Danish,Malay,Dutch,Indonesian,Finnish,Luxembourgish,French Sign Language,0,0,31%,95,Free Willy 2: The Adventure Home,0,1995
,Poland,Ireland,Jerzy Skolimowski,0,Drama,Thriller,1,4052,5.6,Polish,English,0,0,72%,81,11 Minutes,0,2015
18+,Colombia,United States,Jason Cabell,0,Crime,Drama,Thriller,1,4053,5.4,English,Spanish,0,0,25%,100,Running with the Devil,0,2019
,United States,Matt Ross,0,Drama,Romance,1,4054,5.8,English,0,0,47%,82,28 Hotel Rooms,0,2012
18+,United States,Dan Pritzker,0,Drama,1,4055,5.6,English,0,1,70%,108,Bolden,0,2019
,China,Hong Kong,Soi Cheang,0,Action,Adventure,Family,Fantasy,1,4056,5.5,Mandarin,English,0,0,33%,114,The Monkey King 3,0,2018
,United States,Cory Krueckeberg,0,Drama,Romance,1,4057,7,English,0,1,,91,Getting Go: The Go Doc Project,0,2013
7+,United Kingdom,United States,India,Canada,France,Belgium,John Stevenson,0,Animation,Adventure,Comedy,Family,Fantasy,Mystery,Romance,1,4058,5.2,English,Mandarin,0,1,27%,86,Sherlock Gnomes,0,2018
16+,United States,Don Argott,Sheena M. Joyce,0,Documentary,Animation,Mystery,1,4059,8,English,0,0,,93,Batman & Bill,0,2017
18+,United States,Robert Siegel,0,Drama,Romance,1,4060,5.3,English,0,0,38%,90,Cruise,0,2018
18+,Canada,Rob W. King,0,Crime,Mystery,Thriller,1,4061,4.9,English,0,0,18%,86,Distorted,0,2018
18+,United Kingdom,Belgium,United States,Kasper Barfoed,0,Action,Thriller,1,4062,5.6,English,0,1,30%,89,The Numbers Station,0,2013
18+,Mexico,United States,Sam Boyd,0,Comedy,Drama,1,4063,5.5,English,0,0,60%,92,In a Relationship,0,2018
,United States,Whitney Cummings,0,Comedy,1,4064,5.7,English,0,0,37%,98,The Female Brain,0,2017
all,United States,,0,Drama,Romance,1,4065,6.9,English,0,0,,30,Rags,0,2012
,United Kingdom,Scott Jeffrey,Rebecca Matthews,0,Action,1,4066,6.9,English,0,1,75%,,The Gardener,0,2017
,United Kingdom,Jim O'Hanlon,0,Drama,1,4067,5.7,English,0,0,41%,93,100 Streets,0,2016
13+,United Kingdom,China,Eric Styles,0,Action,Adventure,Sci-Fi,Thriller,1,4068,6.2,English,Chinese,0,1,19%,92,Legendary,0,2010
13+,United States,Rob Reiner,0,Comedy,Drama,Romance,1,4069,5.8,English,0,0,18%,94,And So It Goes,0,2014
,United States,Cameron Yates,0,Documentary,1,4070,6.7,English,0,0,73%,82,Chef Flynn,0,2018
13+,United States,Scott Waugh,0,Adventure,Biography,Drama,Sport,Thriller,1,4071,5.7,English,0,0,22%,98,6 Below: Miracle on the Mountain,0,2017
,United States,Canada,United Kingdom,Jason Aron,0,Documentary,Family,History,1,4072,6.3,English,0,1,,95,Back in Time,0,2015
18+,Canada,Jeremy Haft,0,Drama,Fantasy,Horror,Thriller,1,4073,5.1,English,0,0,32%,98,Tamara,0,2005
7+,Ireland,United Kingdom,Sophie Fiennes,0,Documentary,Biography,Music,1,4074,6.2,English,French,0,0,86%,115,Grace Jones: Bloodlight and Bami,0,2017
18+,Belgium,France,Netherlands,Michaël R. Roskam,0,Crime,Drama,Romance,1,4075,6.3,Dutch,French,0,0,36%,130,Racer and the Jailbird,0,2017
13+,United Kingdom,Italy,Switzerland,Carlo Carlei,0,Drama,Romance,1,4076,5.8,English,Latin,0,0,24%,118,Romeo & Juliet,0,2013
13+,United States,Andrew Bowler,0,Comedy,Drama,Romance,Sci-Fi,1,4077,5.8,English,0,0,,104,Time Freak,0,2018
13+,Canada,Brent Hodge,0,Documentary,1,4078,8.2,,0,0,100%,70,Who Let the Dogs Out,0,2019
,United States,Jeff Unay,0,Documentary,Action,Drama,1,4079,5.8,English,0,0,94%,81,The Cage Fighter,0,2018
,Canada,Scooter Corkle,0,Drama,Mystery,Thriller,1,4080,5.6,English,0,0,57%,92,Hollow in the Land,0,2017
13+,United States,Josh Schwartz,0,Adventure,Comedy,1,4081,5.4,English,0,1,25%,86,Fun Size,0,2012
18+,France,Italy,Qatar,Tunisia,Jean-Jacques Annaud,0,Action,Drama,History,War,1,4082,6.7,English,0,1,11%,130,Black Gold,0,2011
,United States,Jon Strong,0,Documentary,History,Sport,1,4083,7.4,English,0,0,67%,87,Long Time Coming: A 1955 Baseball Story,0,2017
18+,United States,Andy Goddard,0,Crime,Drama,Mystery,Thriller,1,4084,5.3,English,0,0,38%,95,A Kind of Murder,0,2016
all,United States,William Lau,0,Animation,Family,1,4085,6.1,English,0,0,,81,Barbie and the Three Musketeers,0,2009
,United States,Hong Kong,Hark Tsui,0,Action,Comedy,Sci-Fi,Thriller,1,4086,5.3,English,Italian,0,0,21%,93,The Colony,0,2013
7+,United States,Sam Pillsbury,0,Adventure,Drama,Family,1,4087,4.7,English,0,0,44%,86,Free Willy 3: The Rescue,0,1997
,Canada,Cory Bowles,0,Drama,1,4088,5,English,0,0,82%,91,Black Cop,0,2017
18+,United States,Tom DeNucci,0,Action,Crime,Drama,History,Thriller,1,4089,5.4,English,0,1,,99,Vault,0,2019
,United States,Nick Powell,0,Action,1,4090,4.9,English,0,0,75%,97,Primal,0,2010
7+,United States,,0,Drama,Fantasy,Horror,1,4091,8,English,0,1,,210,Dark Shadows: The Haunting of Collinwood,0,2009
18+,United States,Tyler Perry,0,Comedy,Drama,Romance,1,4092,4.8,English,0,1,24%,110,Nobody's Fool,0,2018
,United States,Natalia Leite,0,Drama,Romance,1,4093,5.3,English,0,0,50%,90,Bare,0,2015
18+,United States,Mark Cullen,0,Action,Comedy,1,4094,5.3,English,0,0,21%,94,Once Upon a Time in Venice,0,2017
,United States,Jean-Christophe Jeauffre,0,Adventure,1,4095,4.5,English,French,0,0,29%,94,Passage to Mars,0,2016
,United States,Ondi Timoner,0,Biography,Drama,1,4096,6.1,English,0,0,30%,102,Mapplethorpe,0,2018
13+,Japan,,0,Animation,Action,Comedy,Sci-Fi,1,4097,6.2,Japanese,0,0,20%,,Gintama,0,2017
16+,United States,,0,Biography,Reality-TV,1,4098,6.6,English,0,0,83%,,Dr. Feelgood,0,2016
,Sweden,Niki Lindroth von Bahr,0,Animation,Short,Comedy,Drama,Musical,1,4099,7,Swedish,0,1,97%,15,The Burden,0,2017
13+,United States,Noble Jones,0,Drama,Romance,1,4100,5.7,English,0,0,42%,94,The Tomorrow Man,0,2019
7+,Japan,Kunihiko Yuyama,0,Animation,Action,Adventure,Family,Fantasy,1,4101,6,Japanese,0,0,,90,Pokémon the Movie: Volcanion and the Mechanical Marvel,0,2016
18+,United States,Heather Graham,0,Comedy,Romance,1,4102,4.6,English,Spanish,0,0,55%,94,Half Magic,0,2018
,United States,Antonino D'Ambrosio,0,Documentary,Biography,1,4103,6.7,English,0,0,75%,98,Frank Serpico,0,2017
18+,United States,Czech Republic,Thailand,Danny Pang,Oxide Chun Pang,0,Action,Crime,Thriller,1,4104,5.4,English,Thai,0,0,8%,99,Bangkok Dangerous,0,2008
18+,United States,Austin Chick,0,Drama,Romance,1,4105,5.9,English,0,0,43%,91,XX/XY,0,2002
13+,United States,Shari Springer Berman,Robert Pulcini,0,Comedy,1,4106,5.8,English,French,Romanian,Dutch,Mandarin,0,1,22%,103,Girl Most Likely,0,2012
18+,Spain,France,Julio Medem,0,Drama,1,4107,6.4,Spanish,0,1,25%,111,ma ma,0,2015
,Cuba,United States,Bent-Jorgen Perlmutt,0,Documentary,Drama,Sport,1,4108,7.3,Spanish,English,0,0,88%,80,Havana Motor Club,0,2015
,United States,Jennifer Reeder,0,Drama,1,4109,5,English,0,0,68%,111,Knives and Skin,0,2019
18+,United States,Roxanne Benjamin,0,Horror,Mystery,Thriller,1,4110,5.3,English,0,0,66%,87,Body at Brighton Rock,0,2019
18+,United States,Christopher Radcliff,Lauren Wolkstein,0,Drama,Thriller,1,4111,5,English,0,0,54%,81,The Strange Ones,0,2018
7+,United States,India,Will Finn,Daniel St. Pierre,0,Animation,Adventure,Family,Fantasy,Musical,1,4112,5.1,English,0,0,17%,88,Legends of Oz: Dorothy's Return,0,2014
,United States,Jay Dockendorf,0,Adventure,Comedy,Drama,Romance,1,4113,5.8,English,0,0,79%,86,Naz & Maalik,0,2014
7+,Russia,Aleksey Tsitsilin,0,Animation,Adventure,Comedy,Family,Fantasy,1,4114,6.2,Russian,0,0,,89,The Snow Queen 3: Fire and Ice,0,2016
18+,United States,Katie Aselton,0,Horror,Thriller,1,4115,4.7,English,0,0,52%,83,Black Rock,0,2012
,Italy,France,Paolo Sorrentino,0,Biography,Drama,1,4116,6.7,Italian,0,0,,104,Loro 1,0,2018
7+,United States,Christopher Cannucciari,0,Documentary,History,News,1,4117,6.6,English,0,0,,90,Banking on Bitcoin,0,2016
13+,United States,T.C. Christensen,0,Drama,Family,History,Mystery,Thriller,1,4118,5.2,English,0,1,,94,The Cokeville Miracle,0,2015
,,,0,,1,4119,7.2,,0,0,,,Trevor Noah: You Laugh But It's True,0,2011
13+,United States,Japan,Robert Allan Ackerman,0,Comedy,Drama,Romance,1,4120,6.3,Japanese,English,0,0,,102,The Ramen Girl,0,2008
,Netherlands,Dick Maas,0,Comedy,Horror,1,4121,5.5,Dutch,0,0,55%,85,Saint,0,2010
18+,United States,Harold Becker,0,Drama,Romance,1,4122,6.1,English,0,0,38%,95,The Boost,0,1988
all,United States,Tosca Musk,0,Comedy,Romance,1,4123,6.3,English,0,0,,93,A Cinderella Christmas,0,2016
13+,United States,David Gordon Green,0,Drama,1,4124,5.6,English,0,0,50%,97,Manglehorn,0,2015
18+,United Kingdom,Scott Vickers,0,Horror,Thriller,1,4125,5.4,English,0,1,,91,Matriarch,0,2018
,United States,David Altrogge,0,Documentary,1,4126,7.4,English,0,0,,75,Neat: The Story of Bourbon,0,2018
all,Russia,Andrey Galat,Maksim Volkov,0,Animation,Comedy,Family,Fantasy,1,4127,5.8,Russian,0,0,,85,Sheep & Wolves,0,2016
18+,Egypt,,0,Drama,1,4128,4.6,Arabic,0,0,,,The Prince,0,2014
,United States,Rick Alverson,0,Drama,1,4129,5.5,English,French,German,0,0,64%,106,The Mountain,0,2019
18+,United States,Germany,Robert Altman,0,Comedy,Drama,Romance,1,4130,4.6,English,German,Spanish,0,1,56%,122,Dr. T & the Women,0,2000
18+,United States,Argentina,Robert Duvall,0,Crime,Drama,Romance,Thriller,1,4131,5.8,English,Spanish,German,0,1,47%,114,Assassination Tango,0,2002
18+,United Kingdom,Latvia,Aigars Grauba,0,Action,Drama,History,War,1,4132,6.2,English,0,0,,114,The Pagan King,0,2018
,United States,David T. Friendly,Mick Partridge,0,Documentary,1,4133,6.4,English,0,0,58%,73,Sneakerheadz,0,2015
18+,United States,Mexico,John Sayles,0,Drama,1,4134,6.3,English,Spanish,0,0,58%,95,Casa de los Babys,0,2003
,United States,Orson Oblowitz,0,Horror,Thriller,1,4135,5,English,0,0,59%,88,Trespassers,0,2019
,United States,Alexi Pappas,Jeremy Teicher,0,Drama,Sport,1,4136,5.5,English,0,0,73%,88,Tracktown,0,2017
18+,Czech Republic,France,United States,Susanne Bier,0,Drama,History,Romance,1,4137,5.4,English,0,1,16%,109,Serena,0,2014
all,Canada,United States,William Lau,0,Animation,Family,1,4138,6,English,0,0,,73,Barbie in A Mermaid Tale 2,0,2012
,France,Antony Cordier,0,Romance,1,4139,5.6,French,English,0,0,,103,Four Lovers,0,2010
all,United States,Canada,William Lau,0,Animation,Family,1,4140,6.3,English,0,0,,76,Barbie in 'A Christmas Carol',0,2008
,Germany,Benni Diez,0,Action,Adventure,Comedy,Horror,Sci-Fi,Thriller,1,4141,5.1,English,0,0,53%,87,Stung,0,2015
18+,Norway,Netherlands,Eskil Vogt,0,Drama,1,4142,5.8,Norwegian,0,0,19%,96,Blind,0,2017
7+,United States,Michal Siewierski,0,Documentary,1,4143,7.3,English,Spanish,German,French,0,0,,91,Food Choices,0,2016
,United States,Benjamin Arfmann,0,Drama,Horror,Thriller,1,4144,5.7,English,0,1,,87,Dismissed,0,2017
,United States,Patrick Lussier,0,Horror,1,4145,5,,0,0,32%,100,Trick,0,2019
,Italy,France,Roberto Andò,0,Drama,Mystery,Thriller,1,4146,6.1,Italian,English,French,German,0,1,50%,108,The Confessions,0,2016
all,United States,Liz Holzman,Rusty Mills,Tom Ruegger,Russell Calabrese,Nelson Recinos,Greg Reyna,Kirk Tingblad,Charles Visser,0,Animation,Adventure,Comedy,Drama,Family,Fantasy,Musical,1,4147,7.2,English,0,0,,80,Wakko's Wish,0,1999
16+,Japan,Shingo Suzuki,0,Animation,Action,Fantasy,1,4148,7.1,Japanese,0,0,,73,K: Missing Kings,0,2014
18+,United States,Rusty Cundieff,0,Comedy,Romance,1,4149,5,English,0,1,22%,105,Sprung,0,1997
18+,United States,Dan Gregor,0,Comedy,1,4150,5.1,English,0,0,62%,90,Most Likely to Murder,0,2018
,Venezuela,Fina Torres,0,Drama,Romance,1,4151,5.9,Spanish,0,0,,100,Liz in September,0,2014
18+,United Kingdom,Chris Mul,0,Drama,Horror,Sci-Fi,Thriller,1,4152,5.5,English,0,0,,83,Astral,0,2018
all,,Ezekiel Norton,0,Animation,Family,1,4153,6.2,English,0,0,,73,Barbie: The Pearl Princess,0,2013
18+,United States,Josh C. Waller,0,Action,Drama,Horror,1,4154,5.2,English,0,0,45%,87,Raze,0,2013
,United States,Hannah Fidell,0,Drama,Romance,1,4155,4.7,English,0,0,34%,75,A Teacher,0,2013
18+,United Kingdom,Burt Kennedy,0,Crime,Drama,Western,1,4156,6.3,English,0,1,,85,Hannie Caulder,0,1971
,United States,William Kaufman,0,Action,Fantasy,Horror,Sci-Fi,1,4157,5.4,English,0,1,,105,Daylight's End,0,2016
all,United States,Alan Metter,0,Family,Comedy,1,4158,5.3,French,English,0,0,,87,Passport to Paris,0,1999
,Australia,United Kingdom,New Zealand,Rupert Glasson,0,Drama,Thriller,1,4159,5.3,English,0,0,70%,92,Coffin Rock,0,2009
7+,China,Hong Kong,Woo-Ping Yuen,0,Action,Adventure,Fantasy,1,4160,5.4,Mandarin,0,0,33%,113,The Thousand Faces of Dunjia,0,2017
18+,United Kingdom,Daniel Zelik Berk,0,Mystery,Thriller,1,4161,5.1,Arabic,German,English,0,0,14%,93,Damascus Cover,0,2018
,United States,Michael Beach Nichols,0,Documentary,Comedy,Horror,Mystery,1,4162,4.8,English,0,0,71%,75,Wrinkles the Clown,0,2019
7+,United States,Burt Reynolds,0,Action,Crime,Drama,1,4163,5.9,English,0,1,,115,Gator,0,1976
,United States,Dylan Anthony Moran,0,Comedy,Drama,1,4164,6.3,English,0,1,,86,Get Big,0,2017
18+,United States,Jay Roach,0,Comedy,1,4165,4.5,English,0,1,46%,114,The Dinner,0,2017
,United States,Aaron Harvey,0,Crime,Drama,Mystery,Thriller,1,4166,5.6,English,0,0,28%,98,Into the Ashes,0,2019
13+,United States,Tyler Perry,0,Comedy,1,4167,4.4,English,0,1,12%,109,A Madea Family Funeral,0,2019
all,United States,Andrew Tan,Michael Goguen,0,Animation,Adventure,Family,1,4168,6.3,English,0,0,,76,Barbie & Her Sisters in the Great Puppy Adventure,0,2015
all,United States,Canada,Jonathan Judge,0,Action,Adventure,Comedy,Crime,Family,1,4169,6.3,English,0,1,,91,Swindle,0,2013
,United States,Janicza Bravo,0,Comedy,Drama,1,4170,4.6,English,0,0,56%,83,Lemon,0,2017
13+,United States,Victor Quinaz,0,Comedy,1,4171,5.1,English,0,1,67%,85,Breakup at a Wedding,0,2013
,United States,Ben McPherson,0,Drama,Sci-Fi,Thriller,1,4172,5.9,English,0,0,,103,Radioflash,0,2019
18+,United States,South Africa,Tim Kirkby,0,Comedy,1,4173,5.1,English,0,1,13%,85,Action Point,0,2018
,United States,Anthony Mann,0,Action,Drama,War,1,4174,6.4,English,0,1,,112,Strategic Air Command,0,1955
,Egypt,Sharif Arafah,0,Action,Adventure,Drama,Music,1,4175,6.7,Arabic,0,0,,157,The Treasure,0,2015
,United States,Sebastián Silva,0,Comedy,Drama,1,4176,5.2,English,0,0,60%,86,Tyrel,0,2018
18+,United States,Michael Pressman,0,Comedy,Crime,Drama,War,1,4177,5.8,English,0,1,40%,97,Some Kind of Hero,0,1982
,United States,Bobby Roe,0,Horror,1,4178,5.4,English,0,0,17%,101,The Houses October Built 2,0,2017
18+,United States,Philippe Caland,0,Drama,Horror,Thriller,1,4179,4.9,English,0,0,20%,90,Repentance,0,2014
18+,Bulgaria,United States,Lior Geller,0,Action,Crime,Drama,Thriller,1,4180,5.3,English,0,1,,92,We Die Young,0,2019
18+,United States,John Stockwell,0,Comedy,Drama,Romance,1,4181,6.5,English,0,0,,95,Middle of Nowhere,0,2008
18+,United States,William H. Macy,0,Comedy,Romance,1,4182,4.7,English,0,0,,88,The Layover,0,2017
18+,France,Arnaud Desplechin,0,Drama,Romance,Thriller,1,4183,5.6,French,Hebrew,0,0,51%,114,Ismael's Ghosts,0,2017
,United States,,0,Adventure,Game-Show,Reality-TV,1,4184,6.2,English,0,0,78%,30,The Challenge,0,2016
,United States,Jeremy Ungar,0,Action,Thriller,1,4185,4.7,English,0,1,,79,Ride,0,2018
all,United States,Alan Metter,0,Comedy,Family,Romance,1,4186,5.3,English,0,0,,92,Billboard Dad,0,1998
18+,United States,Aric Avelino,0,Drama,1,4187,6.1,English,0,0,39%,95,American Gun,0,2005
,Canada,Clay Staub,0,Horror,Sci-Fi,Thriller,1,4188,5.1,English,0,0,33%,94,Devil's Gate,0,2017
,United States,Josh Forbes,0,Drama,Horror,Thriller,1,4189,5.1,English,0,0,38%,78,Contracted: Phase II,0,2015
13+,France,Netherlands,United Kingdom,United States,Sam Shepard,0,Drama,Horror,Western,1,4190,5.3,English,0,1,38%,102,Silent Tongue,0,1993
16+,United States,Jason DeVan,0,Drama,Horror,Thriller,1,4191,3.9,English,0,0,38%,89,Along Came the Devil,0,2018
13+,Canada,United States,China,Scott Speer,0,Comedy,Fantasy,Romance,1,4192,5.7,English,0,0,,106,Status Update,0,2018
,United Kingdom,Pierre Deschamps,0,Documentary,1,4193,6.2,English,Danish,Spanish,Albanian,Swedish,French,0,0,57%,100,Noma: My Perfect Storm,0,2015
7+,United States,United Arab Emirates,Roger Kumble,0,Comedy,Family,1,4194,3.8,English,0,0,,92,Furry Vengeance,0,2010
18+,United States,Victor Nunez,0,Crime,Drama,Thriller,1,4195,5.8,English,0,0,48%,110,Coastlines,0,2002
18+,United States,United Kingdom,Babak Anvari,0,Drama,Horror,Mystery,Thriller,1,4196,4,English,0,0,51%,95,Wounds,0,2019
,United States,Gisyerg Bermudez,0,Horror,1,4197,5.4,English,0,0,,90,Crawlers,0,2020
,United States,Michael DeGrazier,Benjamin Paulides,0,Documentary,1,4198,6.4,English,0,0,,98,Missing 411,0,2017
18+,United States,Eric Bross,0,Drama,1,4199,4.5,English,0,0,,97,Affairs of State,0,2018
,Canada,United States,Shawn Ku,0,Action,Crime,Drama,Thriller,1,4200,4.6,English,Spanish,Italian,0,0,15%,103,A Score to Settle,0,2019
,United States,,0,Action,Crime,Drama,Sci-Fi,1,4201,4.6,English,0,0,45%,60,Almost Human,0,2013
,France,Christophe Honoré,0,Drama,1,4202,6.1,French,German,English,Italian,0,0,50%,105,Making Plans for Lena,0,2009
,Italy,France,Federico Fellini,0,Comedy,Drama,1,4203,6.2,Italian,English,French,German,0,1,,174,The Sweet Life,0,2017
,Iceland,Baltasar Kormákur,0,Comedy,Drama,1,4204,6.7,Icelandic,English,0,0,29%,96,White Night Wedding,0,2008
,Finland,United Kingdom,Canada,Marko Mäkilaakso,0,Action,Adventure,Comedy,Horror,Sci-Fi,Thriller,1,4205,4.2,English,Spanish,0,1,60%,90,It Came from the Desert,0,2017
,United States,Steven Cantor,0,Documentary,1,4206,6.9,English,0,0,,74,Ballet Now,0,2018
,United States,Marcus Dunstan,0,Action,Crime,Horror,Thriller,1,4207,4.8,English,0,0,,90,The Midnight Man,0,2016
,South Korea,Sang-soo Im,0,Drama,Thriller,1,4208,5.7,Korean,English,Tagalog,0,1,28%,115,The Taste of Money,0,2012
13+,United States,Sam Peckinpah,0,Action,Crime,Thriller,1,4209,4.4,English,Spanish,0,0,2%,123,Getaway,0,2013
7+,United States,Japan,Canada,South Korea,Atsushi Takeuchi,0,Animation,Action,Sci-Fi,1,4210,5.9,Japanese,English,0,0,,84,Mass Effect: Paragon Lost,0,2012
16+,United States,Jeffrey G. Hunt,0,Biography,Drama,1,4211,6,English,0,0,,87,Trapped: The Alex Cooper Story,0,2019
,United States,Tristan David Luciotti,0,Documentary,1,4212,7.6,English,0,0,,,All Around Us,0,2008
all,Canada,United States,Conrad Helten,0,Animation,Family,1,4213,5.7,English,0,0,,75,Barbie Presents: Thumbelina,0,2009
,United States,Guy Guido,0,Documentary,Drama,1,4214,6.6,,0,1,,105,Madonna and the Breakfast Club,0,2019
,United States,Michael Tyburski,0,Drama,1,4215,5.5,English,0,0,65%,85,The Sound of Silence,0,2019
,Ireland,David Gleeson,0,Mystery,1,4216,5.2,English,0,0,39%,91,Don't Go,0,2018
all,Spain,Canada,Alberto Rodríguez,Nacho La Casa,0,Animation,Adventure,Comedy,Family,1,4217,5.2,Spanish,English,0,0,,90,Ozzy,0,2016
13+,United States,Lance Bangs,Spike Jonze,0,Documentary,Short,1,4218,8,English,0,0,,39,Tell Them Anything You Want: A Portrait of Maurice Sendak,0,2009
,United States,Jamie Babbit,0,Crime,Thriller,1,4219,5.1,English,0,0,11%,83,Breaking the Girls,0,2013
16+,United States,Ryan Eggold,0,Comedy,Drama,1,4220,4.5,English,0,0,25%,102,Literally, Right Before Aaron,0,2017
,Colombia,Spain,Andrés Baiz,0,Drama,Mystery,Thriller,1,4221,4.8,Spanish,0,1,32%,97,Inside,0,2017
7+,Japan,Kunihiko Yuyama,0,Animation,Action,Adventure,Comedy,Family,Fantasy,1,4222,5.6,Japanese,English,0,0,,76,Pokémon the Movie: Diancie and the Cocoon of Destruction,0,2014
7+,United States,Vanessa Parise,0,Biography,Drama,Sport,1,4223,6.6,English,0,0,,86,The Simone Biles Story: Courage to Soar,0,2018
7+,Japan,Kunihiko Yuyama,0,Animation,Action,Adventure,Family,Fantasy,1,4224,6,Japanese,English,0,0,,79,Pokémon the Movie: Hoopa and the Clash of Ages,0,2015
all,United States,Norton Virgien,0,Animation,Family,1,4225,5.6,English,0,0,,80,Curious George 2: Follow That Monkey!,0,2009
18+,Denmark,United States,Spencer Parsons,0,Drama,Romance,1,4226,6.8,English,Danish,0,0,,112,I'll Come Running,0,2008
,United States,Tom Forrest,0,Comedy,1,4227,7.4,English,0,1,,120,Ron White: A Little Unprofessional,0,2012
18+,United States,United Arab Emirates,Colombia,Spain,Lluís Quílez,0,Horror,Thriller,1,4228,4.8,English,0,1,24%,92,Out of the Dark,0,2014
18+,United Kingdom,Roger Christian,0,Drama,Horror,Sci-Fi,Thriller,1,4229,6,English,0,1,,91,The Sender,0,1982
all,Canada,United States,Savage Steve Holland,0,Comedy,Family,1,4230,4.5,English,0,0,,65,Santa Hunters,0,2014
,United States,David Swift,Scott Owen,David Swift,0,Documentary,1,4231,8.1,English,0,0,,118,Beers of Joy,0,2019
,,Blair Hayes,0,Drama,Family,Romance,1,4232,7.1,English,0,0,,90,Every Other Holiday,0,2018
all,United States,Richard Rich,0,Animation,Family,Fantasy,Mystery,1,4233,5.7,English,0,0,,71,The Swan Princess: The Mystery of the Enchanted Kingdom,0,1998
all,United States,Michelle Johnston,0,Action,Comedy,Family,1,4234,5.9,English,0,0,,52,Blurt!,0,2018
13+,United States,Robert Harmon,0,Drama,1,4235,5.4,English,0,1,,95,Eyes of an Angel,0,1991
,United States,James Franco,0,Drama,1,4236,6.1,English,0,0,,79,Good Time Max,0,2008
all,,Mike Jeavons,0,Comedy,1,4237,5.1,,0,0,,12,Switching Goals,0,1999
,United States,Benny Fine,0,Comedy,Drama,1,4238,4.2,English,0,0,,92,F*&% the Prom,0,2017
18+,United States,Matthew Charles Santoro,0,Action,Sci-Fi,Thriller,1,4239,5,English,0,0,,93,Higher Power,0,2018
all,United States,Scott Heming,Cathy Malkasian,Jeff McGrath,0,Animation,Adventure,Family,1,4240,6.4,English,0,0,,58,Curious George: A Very Monkey Christmas,0,2009
,United States,,0,Drama,1,4241,5,English,0,0,48%,30,Monogamy,0,2010
all,United States,Mark Baldo,0,Animation,Family,1,4242,5.7,English,0,0,,74,Barbie: A Perfect Christmas,0,2011
all,Canada,Kirk Harris,0,Adventure,Comedy,Family,1,4243,5,English,0,1,,88,Bernie the Dolphin,0,2018
18+,United States,Jesse Peretz,0,Comedy,Drama,Romance,1,4244,5.2,English,French,0,0,50%,91,The Château,0,2001
18+,United Kingdom,United States,Richard Eyre,0,Drama,Mystery,Thriller,1,4245,5.4,English,0,1,15%,88,The Other Man,0,2008
,United States,Rory Kennedy,0,Documentary,1,4246,7.9,English,0,0,,90,Above and Beyond: NASA's Journey to Tomorrow,0,2018
18+,United States,Russ Parr,0,Comedy,Romance,1,4247,5.6,English,0,1,,104,35 and Ticking,0,2011
7+,United States,Sam Irvin,0,Comedy,Romance,1,4248,6,English,0,0,,88,Naughty & Nice,0,2014
7+,United States,Catherine Cyran,0,Crime,Drama,1,4249,5.4,English,0,0,,86,Victoria Gotti: My Father's Daughter,0,2019
,United Kingdom,Simon Sheridan,0,Documentary,Biography,1,4250,6.9,English,0,0,,109,Respectable: The Mary Millington Story,0,2016
,South Korea,Hong-Seung Yoon,0,Horror,Thriller,1,4251,5.7,Korean,0,0,,88,Death Bell,0,2008
,United States,Laura Farber,0,Documentary,1,4252,6.8,English,0,0,,83,We Are Columbine,0,2019
18+,Sweden,Argentina,Spain,Paco Cabezas,0,Horror,1,4253,6.1,Spanish,0,0,,120,The Appeared,0,2008
,United States,Japan,Fumihiko Sori,0,Animation,Action,Adventure,Fantasy,1,4254,5.8,English,0,0,,90,Dragon Age: Dawn of the Seeker,0,2012
,United States,Joseph Tosconi,0,Documentary,1,4255,3.8,English,0,0,,80,Addicted to Sexting,0,2015
18+,Japan,Noboru Iguchi,0,Action,Comedy,Sci-Fi,1,4256,5.3,Japanese,0,0,,102,RoboGeisha,0,2009
all,United States,Varda Bar-Kar,0,Documentary,Biography,Family,Music,Musical,1,4257,8,English,0,0,,83,Big Voice,0,2015
,United States,John Badham,0,Action,Crime,Drama,Thriller,1,4258,5.4,English,French,0,0,2%,109,Nina,0,2016
,United States,Eric England,0,Drama,Thriller,1,4259,5.2,English,0,0,13%,100,Josie,0,2018
18+,United States,United Kingdom,James Oakley,0,Comedy,1,4260,4.2,English,Spanish,Japanese,Russian,Chinese,0,0,,90,The Con Is On,0,2018
,United States,Mark Young,0,Action,Drama,Horror,Thriller,1,4261,4.6,English,0,1,33%,90,Feral,0,2018
all,United States,Danny Buday,0,Comedy,Drama,Romance,1,4262,5.8,English,0,0,,120,Second Chance Christmas,0,2017
7+,Canada,United States,Timothy Bond,0,Comedy,Family,1,4263,6,English,0,0,,96,Eve's Christmas,0,2004
,United Kingdom,Rachel Hirons,0,Comedy,Romance,1,4264,5.3,English,0,0,43%,98,A Guide to Second Date Sex,0,2019
13+,United States,Thomas J. Wright,0,Action,Sport,1,4265,4.4,English,0,1,11%,93,No Holds Barred,0,1989
13+,Thailand,Pornchai Hongrattanaporn,Songsak Mongkolthong,Seree Phongnithi,0,Comedy,Romance,1,4266,4.4,Thai,0,0,,90,My Valentine,0,2020
18+,United Kingdom,Martin Owen,0,Action,Crime,Mystery,Thriller,1,4267,5.3,English,0,0,,95,Killers Anonymous,0,2019
18+,United States,Zach Nial,0,Documentary,Comedy,1,4268,7.4,English,0,0,,82,Lewis Black: Old Yeller - Live at the Borgata,0,2013
13+,United Kingdom,United States,Michael Rosenbaum,0,Comedy,1,4269,5.2,English,0,1,8%,94,The Reunion,0,2011
18+,United Kingdom,Denmark,Kristian Levring,0,Drama,Thriller,1,4270,5.8,English,0,0,33%,110,The Intended,0,2002
,United States,Australia,Kate Hickey,0,Documentary,1,4271,7.9,English,0,0,86%,82,Roller Dreams,0,2017
,United States,Joel Bender,0,Horror,1,4272,4.7,English,0,0,,85,Midnight Kiss,0,2019
,Canada,Carlos Sanchez,Jason Sanchez,0,Drama,Romance,Thriller,1,4273,4.9,English,0,1,38%,105,Allure,0,2018
,United States,Lije Sarki,0,Adventure,Family,Sport,1,4274,6.4,English,0,1,,82,Concrete Kids,0,2018
,United States,Adam Mason,0,Horror,Thriller,1,4275,5.5,English,0,0,,81,Into the Dark: I'm Just F*cking With You,0,2019
18+,United States,Adam Reid,0,Comedy,1,4276,7.2,English,0,0,,50,Gilbert Gottfried: Dirty Jokes,0,2005
,United States,John K.D. Graham,0,Drama,Family,Sport,1,4277,4.8,English,0,1,,88,Catching Faith,0,2015
,Argentina,Mexico,Adrián García Bogliano,Ramiro García Bogliano,0,Horror,Thriller,1,4278,5.5,Spanish,0,0,50%,90,Penumbra,0,2012
,Canada,James Mark,0,Action,Sci-Fi,1,4279,4.1,English,0,0,25%,77,Kill Order,0,2017
,United States,Joe Maggio,0,Drama,1,4280,6.6,English,0,0,,90,Paper Covers Rock,0,2008
7+,Canada,Benoît Godbout,Jean-François Pouliot,François Brisson,0,Animation,Adventure,Musical,1,4281,5.5,English,0,0,,89,Racetime,0,2018
,Canada,Nancy Lang,Peter Raymont,0,Documentary,1,4282,7.5,English,0,0,,93,Margaret Atwood: A Word After a Word After a Word Is Power,0,2019
18+,United States,D.J. Caruso,0,Drama,Horror,Thriller,1,4283,3.9,English,0,0,,85,The Disappointments Room,0,2016
,United States,,0,Music,1,4284,8.5,,0,0,,,Brad Paisley Thinks He's Special,0,2019
all,United States,Suzi Yoonessi,0,Action,Comedy,Crime,Horror,Mystery,1,4285,4.2,English,0,0,,72,Daphne & Velma,0,2018
all,Denmark,Karsten Kiilerich,0,Animation,Action,Adventure,Comedy,Family,1,4286,6.4,Danish,English,0,1,,81,Albert,0,2016
18+,United States,Michael Almereyda,0,Horror,1,4287,4.4,English,0,0,33%,95,The Eternal,0,1998
,United Kingdom,Vito Rocco,0,Comedy,Drama,Romance,1,4288,6.3,English,Klingon,0,0,20%,92,Faintheart,0,2008
18+,United Kingdom,United States,Jonathan Hopkins,0,Horror,1,4289,4.7,English,0,0,,84,Slumber,0,2017
7+,Canada,,0,Documentary,1,4290,7.8,English,0,0,,30,Telescope,0,2016
,Japan,Shin'ya Tsukamoto,0,Action,Horror,Sci-Fi,1,4291,5.6,English,0,0,,71,Tetsuo: The Bullet Man,0,2009
18+,United States,Todd Berger,0,Music,Mystery,Thriller,1,4292,5.4,English,0,0,,87,Cover Versions,0,2018
,United States,Byron Haskin,0,Drama,Western,1,4293,6.3,English,0,1,,95,Warpath,0,1951
16+,United States,Maggie Greenwald,0,Crime,Drama,Mystery,Thriller,1,4294,5.1,English,0,1,,93,Good Morning, Killer,0,2011
,United States,Jess Bond,0,Comedy,Romance,Thriller,1,4295,4.7,English,0,0,,92,Rosy,0,2018
18+,United States,Thomas Hennessy,0,Adventure,Comedy,Romance,Sci-Fi,1,4296,4.5,English,0,0,,89,Another Time,0,2018
7+,United States,J.J. Alani,0,Drama,Romance,1,4297,5.7,English,0,0,,101,Beyond Paradise,0,2015
,United States,Canada,Frank Marshall,0,Adventure,Biography,Drama,Thriller,1,4298,,English,0,0,,120,Alive,0,2018
16+,United States,John Gray,0,Drama,Thriller,1,4299,5.2,English,0,1,,88,Hide,0,2011
18+,United States,Roy London,0,Crime,Drama,1,4300,5.3,English,0,0,,90,Diary of a Hitman,0,1991
,Canada,Bruce McDonald,0,Drama,Horror,Thriller,1,4301,4.2,English,0,0,27%,80,Hellions,0,2015
,United States,Gab Taraboulsy,0,Documentary,1,4302,7.8,English,0,1,,89,Funke,0,2018
18+,United States,Brian A. Miller,0,Action,Crime,Drama,1,4303,3.7,English,0,0,11%,92,Backtrace,0,2018
,United Kingdom,John McPhail,0,Comedy,Romance,1,4304,6.5,English,0,0,,82,Where Do We Go from Here?,0,2018
,United Kingdom,Justin Trefgarne,0,Mystery,Sci-Fi,Thriller,1,4305,4.4,English,0,0,18%,96,Narcopolis,0,2015
,United States,George Erschbamer,0,Family,1,4306,5.7,English,0,0,,90,Angels in the Snow,0,2015
18+,United States,Michael Bortman,0,Drama,Romance,1,4307,6,English,0,1,,113,Crooked Hearts,0,1991
,United States,Brad Barnes,Todd Barnes,0,Comedy,1,4308,4.8,English,0,0,,81,Sex Guaranteed,0,2017
13+,United States,John Whitesell,0,Comedy,Family,1,4309,5.1,English,German,0,0,,93,Deck the Halls,0,2011
13+,United States,Oliver Irving,0,Comedy,Thriller,1,4310,4.6,English,0,0,11%,83,Ghost Team,0,2016
,United States,Matthew Miele,0,Documentary,1,4311,5.7,English,0,0,27%,86,Crazy About Tiffany's,0,2016
all,United States,Doug Murphy,0,Animation,Adventure,Comedy,Family,Fantasy,1,4312,5.8,English,0,0,,86,Curious George: Royal Monkey,0,2019
7+,United States,Alex Wright,0,Drama,Family,Romance,1,4313,5.3,English,0,0,,85,A Fairytale Christmas,0,2013
,United States,Dustin Guy Defa,0,Comedy,Drama,1,4315,7,English,0,0,,84,Person to Person,0,2014
,United States,Michael Curtis Johnson,0,Crime,Drama,1,4316,5.2,English,0,1,,100,Savage Youth,0,2018
all,United States,Jake Helgren,0,Comedy,Romance,1,4317,5.3,English,0,0,,90,Girlfriends of Christmas Past,0,2016
7+,India,Sugeeth,0,Comedy,1,4318,5.5,Malayalam,0,0,,153,My Santa,0,2013
all,United States,Anthony Steven Giordano,0,Family,1,4319,4.8,English,0,0,,88,Robo-Dog: Airborne,0,2017
all,United States,Alexander Laughton,Fred Holmes,0,Family,Music,1,4320,5.8,English,0,0,,55,More Barney songs,0,1999
,United Kingdom,Martin Owen,0,Horror,Sci-Fi,Thriller,1,4321,4.2,,0,0,15%,82,Let's Be Evil,0,2016
,United States,,0,Drama,Fantasy,Horror,1,4322,7.5,English,0,1,,210,Dark Shadows: The Vampire Curse,0,2009
all,United States,,0,Action,Thriller,1,4323,5.7,English,0,1,,,Rain,0,2006
7+,United States,Teddy Smith,0,Comedy,Drama,Family,1,4324,4.8,English,0,0,,88,Urban Country,0,2018
7+,United States,India,South Korea,Richard Rich,0,Animation,Family,Fantasy,Musical,1,4325,4.6,English,0,0,,79,The Swan Princess: A Royal Family Tale,0,2014
,United States,Ema Ryan Yamazaki,0,Documentary,1,4326,8.2,English,0,0,,81,Monkey Business: The Adventures of Curious George's Creators,0,2017
,United States,Robert A. Palmer,0,Drama,Horror,Sci-Fi,1,4327,4.5,English,0,1,,88,I Am Alone,0,2015
,United States,Italy,Pappi Corsicato,0,Documentary,1,4328,6.6,English,0,0,50%,84,Julian Schnabel: A Private Portrait,0,2017
,Canada,Sharon Lewis,0,Fantasy,Sci-Fi,1,4329,3.6,English,0,0,,70,Brown Girl Begins,0,2018
,Italy,United States,United Kingdom,Cheryl Eagan-Donovan,0,Documentary,Biography,History,1,4330,7.4,English,0,1,,75,Nothing Is Truer than Truth,0,2018
18+,United Kingdom,Jamie Adams,0,Drama,1,4331,4.1,,0,0,,95,Songbird,0,2018
,United States,Jason Murphy,0,Family,Sci-Fi,1,4332,4.4,English,0,0,,87,Robo-Dog,0,2015
,United States,Dexton Deboree,0,Documentary,1,4333,7,English,0,0,,91,Unbanned: The Legend of AJ1,0,2018
,United States,Robert Siodmak,0,Crime,Drama,Film-Noir,Mystery,1,4334,6.4,English,0,0,,103,A Man Alone,0,1955
18+,United States,Jay Karas,0,Documentary,Comedy,1,4335,6.7,English,0,1,,58,D.L. Hughley: Reset,0,2012
16+,United States,Millicent Shelton,0,Crime,Drama,1,4336,4.7,English,0,1,,90,Hornet's Nest,0,2012
,Australia,Louise Wadley,0,Comedy,Drama,Romance,1,4337,4.8,English,Arabic,0,1,,96,All About E,0,2015
7+,United States,Canada,Federal Republic of Yugoslavia,Bozidar 'Bota' Nikolic,0,Drama,Romance,1,4338,7.7,English,0,0,,101,The Dark Side of The Sun,0,2017
18+,United States,Gene Graham,0,Documentary,1,4339,4.8,English,0,0,72%,82,This One's for the Ladies,0,2018
,United States,Jason Schnell,0,Comedy,1,4340,5.1,English,0,1,,93,Bad Roomies,0,2015
,United States,Sanjeev Sirpal,0,Comedy,1,4341,4.4,English,0,0,,101,Random Tropical Paradise,0,2017
,United States,Michael Madison,0,Crime,Thriller,1,4342,5.7,English,0,0,,90,Delivered,0,2020
,China,Vincent Zhou,0,Action,Horror,Thriller,1,4343,3,Mandarin,English,0,0,,86,Last Flight,0,2014
,United States,Thomas Della Bella,0,Horror,Thriller,1,4344,3.7,English,0,0,,85,The Remains,0,2016
18+,United States,Barbara Peeters,Jimmy T. Murakami,0,Horror,Sci-Fi,1,4345,4.5,English,0,1,4%,80,Beneath the Darkness,0,2012
,United States,Richard Kelly,0,Drama,Fantasy,Mystery,Sci-Fi,Thriller,1,4346,5.7,English,0,1,,115,The Box,0,2018
,United States,Rachel Lambert,0,Drama,1,4347,5.5,English,0,0,,95,In the Radiant City,0,2016
7+,Canada,South Africa,Richard Boddington,0,Adventure,1,4348,4.6,English,0,0,,91,Against the Wild II: Survive the Serengeti,0,2016
,United States,Jason Mills,0,Documentary,1,4349,2.8,English,0,1,,75,Bigfoot Girl,0,2019
,United States,Stuart Walker,0,Action,Drama,War,1,4350,6,English,French,0,1,,73,The Eagle and the Hawk,0,1950
all,United States,Dustin Rikert,0,Adventure,Drama,Family,1,4351,4.8,English,0,0,,92,A Mermaid's Tale,0,2017
,Germany,Nils Krebs,0,Documentary,Adventure,1,4352,6.2,English,French,Swiss German,0,1,,90,Beyond the Comfort Zone - 13 Countries to K2,0,2018
16+,United States,Ben Meyerson,0,Drama,Thriller,1,4353,4.5,English,0,0,,90,Kill Thy Neighbor,0,2019
7+,United States,Tim O'Donnell,0,Drama,Fantasy,Romance,1,4354,5.7,English,0,0,,86,Back to Christmas,0,2014
all,United States,Ari Novak,0,Family,1,4355,4.1,English,0,0,,97,PawParazzi,0,2019
,United States,,0,Documentary,1,4356,4.9,English,0,0,,77,A Cam Life,0,2018
16+,United States,Dave Schwep,0,Thriller,1,4357,4.3,English,0,0,,90,Broken Star,0,2018
,United Kingdom,Simon Wells,0,Action,Fantasy,Horror,1,4358,2.5,English,0,0,,84,Knights of the Damned,0,2017
7+,United States,Jason Murphy,0,Family,1,4359,5.3,English,0,0,,91,Monsters at Large,0,2018
,Netherlands,,0,Documentary,1,4360,0,English,0,0,,60,9/11: 15 years later,0,2016
,United States,Philip Gardiner,0,Documentary,1,4361,7.3,English,0,0,,70,Cannabis Evolution,0,2019
13+,United States,Sandra Luckow,0,Documentary,1,4362,6.9,English,0,0,,52,Sharp Edges,0,1986
16+,United States,Russell Mulcahy,0,Action,Crime,Drama,Thriller,1,4363,4.6,English,0,1,,102,Ricochet,0,2011
,France,Gilles de Maistre,0,Documentary,1,4364,5.7,French,English,Japanese,Portuguese,Chinese,0,0,69%,84,The Quest of Alain Ducasse,0,2017
18+,United Kingdom,Simon Amstell,0,Comedy,Romance,1,4365,3.3,English,0,0,,85,Benjamin,0,2019
all,United States,Savage Steve Holland,0,Animation,Comedy,Family,Fantasy,1,4366,4.6,English,Spanish,Japanese,0,0,,68,A Fairly Odd Christmas,0,2012
,United States,United Kingdom,Nick Hampson,Stephen Robert Morse,0,Documentary,1,4367,6.8,English,0,1,,92,EuroTrump,0,2017
16+,United States,Jim Fall,0,Comedy,Fantasy,Romance,1,4368,5.5,English,0,0,,85,Holly's Holiday,0,2012
7+,United States,Canada,Savage Steve Holland,0,Animation,Comedy,Family,Fantasy,1,4369,4,English,0,0,,48,A Fairly Odd Movie: Grow Up, Timmy Turner!,0,2011
13+,United States,Paul Jarrett,0,Comedy,Family,Music,1,4370,4.7,English,0,0,,100,Fan Girl,0,2015
,Canada,United States,Jeff Woolnough,0,Sci-Fi,Thriller,1,4371,4.9,English,0,0,,88,The Man Who Used to Be Me,0,2000
,United States,Richard Foster,0,Comedy,Drama,Family,Romance,1,4372,4.2,English,0,0,,115,So This Is Christmas,0,2013
7+,United States,Gary Nelson,0,Western,1,4373,5.8,English,0,0,,93,Santee,0,1973
7+,United States,Canada,Farhad Mann,0,Comedy,Drama,Romance,1,4374,5.4,English,0,0,,89,His and Her Christmas,0,2005
18+,China,Xiao Feng,0,Action,Adventure,Drama,War,1,4375,3.2,Chinese,English,Japanese,0,1,,120,Air Strike,0,2018
18+,Australia,United Arab Emirates,Storm Ashwood,0,Horror,Thriller,1,4376,3.8,English,0,0,,86,The School,0,2018
,United States,Roger Donaldson,0,Action,Crime,Drama,Mystery,Romance,Thriller,1,4377,4.5,English,Russian,0,1,,114,No Way Out,0,2015
,United States,Assaad Yacoub,0,Comedy,Musical,1,4378,4.4,English,0,0,,79,Cherry Pop,0,2017
7+,Canada,Tim Brown,0,Family,1,4379,3.8,English,0,0,,88,Treasure Hounds,0,2017
,,,0,,1,4380,6.3,,0,1,,,Amy Winehouse - A Last Goodbye,0,2011
,United States,Doug Archibald,0,Comedy,Drama,1,4381,4.2,English,0,0,,90,I Love You Both,0,2017
18+,United States,Fred Thomas Jr.,0,Drama,1,4382,3.8,English,0,1,,98,24 Hour Love,0,2013
,United States,,0,Romance,Western,1,4383,5.9,English,0,1,,60,Pony Express,0,1953
all,United Kingdom,,0,,1,4384,,English,0,0,,44,Bob The Builder: Can We Fix It?,0,2004
18+,Mexico,United States,Batan Silva,0,Drama,Family,Sci-Fi,Thriller,1,4385,3.6,English,0,1,,98,After Darkness,0,2019
,United States,,0,Drama,1,4386,6.1,English,0,0,,,Hunting JonBenet's Killer: The Untold Story,0,2019
all,United States,Ben Vaughn,0,Family,1,4387,5.1,English,0,0,,57,Barney's Night Before Christmas,0,1999
7+,Canada,Jason Lapeyre,0,Biography,Comedy,Drama,1,4388,4.6,English,0,0,,88,The Unauthorized Saved by the Bell Story,0,2014
7+,United States,David Gidali,0,Action,Adventure,Drama,Sci-Fi,Thriller,1,4389,3.4,English,0,0,,88,10.0 Earthquake,0,2014
,United States,Will Mathison,0,Short,Western,1,4390,4.6,English,0,0,,,Rodeo and Juliet,0,2015
,France,Belgium,Yann Samuell,0,Comedy,Romance,1,4391,6.2,French,English,0,0,,97,The Age of Reason,0,2014
,United States,Doug Spearman,0,Action,Comedy,Romance,Thriller,1,4392,5.6,English,Spanish,0,1,,105,Hot Guys with Guns,0,2013
18+,United States,Italy,Stefano Milla,0,Action,Adventure,1,4393,2.3,English,0,1,,100,Richard The Lionheart,0,2013
,United States,Stuart Gillard,0,Comedy,1,4394,4.8,English,0,0,,90,Crimes of Fashion,0,2004
7+,Canada,Robin Dunne,0,Family,1,4395,5,English,0,0,,82,A.R.C.H.I.E. 2: Mission Impawsible,0,2018
,United States,Liz Reph,0,Documentary,1,4396,6.8,English,0,0,,44,The Armstrong Tapes,0,2019
,United States,John E. Bryant,0,Comedy,Drama,1,4397,6.4,English,0,0,,92,The Overbrook Brothers,0,2009
,United States,Maureen Goldthorpe,0,Documentary,1,4398,6.1,English,0,1,,75,Michael Jackson: Life, Death and Legacy,0,2012
,United States,Robert Townsend,Elijah Nathaniel Wells,0,Comedy,1,4399,6.1,English,0,0,,84,Playin' for Love,0,2015
all,,,0,,1,4400,,,0,0,,,Thomas & Friends: Songs from the Station,0,2005
,Canada,Geoff Anderson,0,Comedy,Family,1,4401,4.5,English,0,0,,82,Step Dogs,0,2013
18+,United States,Andy Dick,0,Comedy,1,4402,4.5,English,0,1,,83,Danny Roane: First Time Director,0,2006
,United States,Mark Polish,0,Thriller,1,4403,2.6,English,0,0,,102,Against the Clock,0,2019
18+,United States,Jeff Broadstreet,0,Horror,1,4404,3.1,English,0,1,,80,Night of the Living Dead 3D,0,2007
18+,Canada,United States,Matty Beckerman,0,Horror,Thriller,1,4405,3.3,English,0,0,,85,The Row,0,2018
,Russia,,0,Action,Crime,Drama,1,4406,6.1,Russian,0,1,,750,Law of the Lawless,0,1964
,United States,Thomas Carr,0,Western,1,4407,6.3,English,0,0,,81,The Tall Stranger,0,1957
all,United States,Giorgio Serafini,0,Family,1,4408,3.9,English,0,0,,86,Pegasus: Pony With a Broken Wing,0,2019
13+,United States,Mexico,Sam Peckinpah,0,Biography,Drama,Western,1,4409,2.2,English,0,0,,122,Billy the Kid,0,2013
all,,Craig George,0,Animation,Short,Family,1,4410,,,0,0,,38,LeapFrog Letter Factory Adventures: Amazing Word Explorers,0,2015
,United States,Anthony Meindl,0,Drama,1,4411,4.4,English,French,0,0,,90,Where We Go from Here,0,2019
,Canada,Justin G. Dyck,0,Comedy,Family,1,4412,4.4,English,0,0,,87,My Dad Is Scrooge,0,2014
,United States,Ron Myrick,0,Short,1,4413,6.2,English,0,0,,35,LeapFrog: Adventures in Shapeville Park,0,2013
,United States,Charlie Vaughn,0,Family,1,4414,4.8,English,0,0,,90,12 Dog Days Till Christmas,0,2014
,United States,Henry Levin,0,Drama,Western,1,4415,6.5,English,0,1,,88,The Lonely Man,0,1957
18+,United States,Monaco,Keoni Waxman,0,Action,Crime,Mystery,Thriller,1,4416,3.9,English,0,0,,95,Cartels,0,2016
18+,Spain,Marc Carreté,0,Horror,1,4417,4.6,Spanish,0,0,,81,Asmodexia,0,2014
,United States,Michael Finuoli,0,Comedy,1,4418,6.6,English,0,0,,,The Push,0,2018
7+,United States,India,South Korea,Richard Rich,0,Animation,Family,Fantasy,Musical,1,4419,3.7,English,0,0,,83,The Swan Princess Christmas,0,2012
,United States,Christophe Espenan,0,Documentary,1,4420,5.2,English,0,0,,58,The Coolest Guy Movie Ever: The Return to the Scene of The Great Escape,0,2018
all,United States,,0,,1,4421,7,English,0,0,,68,LeapFrog: The Magnificent Museum of Opposite Words,0,2013
,United States,Dana Brown,0,Action,1,4422,5.7,English,0,0,,98,Dust 2 Glory,0,2017
18+,United States,Leslie Small,0,Comedy,1,4423,5.1,English,0,0,,75,Gary Owen: I Agree With Myself,0,2015
all,United States,Craig George,0,Short,Family,1,4424,5.9,English,0,0,,34,Leapfrog: Letter Factory Adventures - The Letter Machine Rescue Team,0,2014
16+,United States,Robert Greenwald,0,Documentary,1,4425,4.1,English,0,0,,103,Making a Killing: Guns, Greed and the NRA,0,2016
18+,United States,David A. Prior,0,Horror,Sci-Fi,1,4426,3.5,English,0,0,,100,Mutant Species,0,1995
,United States,Robert Kline,0,Documentary,History,1,4427,2.7,English,0,1,,101,The Clintons: An American Odyssey,0,2012
,United States,,0,Crime,Drama,Mystery,Thriller,1,4428,5.1,English,0,1,,45,Boomtown,0,2017
,Spain,Gorka Sesma,0,Animation,1,4429,4.2,English,0,0,,91,Pixi Saves Christmas,0,2018
18+,United Kingdom,James Plumb,0,Horror,1,4430,2.5,English,0,1,,86,Night of the Living Dead: Resurrection,0,2012
16+,United States,Mark Beech,0,Documentary,1,4431,4.7,English,0,0,,60,Man-Eating Python,0,2017
7+,United States,Michael Feifer,0,Comedy,Family,1,4432,4.3,English,0,0,,90,Christmas with the Andersons,0,2016
,United States,Rico Lowry,0,Documentary,1,4433,,English,0,1,,75,Alien Contact,0,2020
,United States,Jimmy Pope,0,Short,Comedy,1,4434,,English,0,0,,,New Year, New You,0,2017
,Canada,Marita Grabiak,0,Comedy,1,4435,,English,0,0,,87,Christmas Crush,0,2012
18+,United States,Víctor García,0,Horror,Mystery,Thriller,1,4436,,English,Spanish,0,0,,87,The Damned (2013),0,2014
,,,0,,1,4437,,,0,0,,,Comrades & Cash: How Money Found Its Way Through the Iron Curtain,0,2014
13+,Japan,Toshihiro Kondo,0,Adventure,1,4438,,Japanese,0,0,,,Legend of Heroes: Trails in the Sky,0,2011
